DB Name,Category,Correct Product Name,Base Unit,Base Cost,Base Sell,Base Stock,Barcode,VAT %,L1 Pack Name,L1 Qty in Base,L1 Cost,L1 Sell,L2 Pack Name,L2 Qty in L1,L2 Cost,L2 Sell
251,,TEST TEST02,KG,1,1,1,10001078,0,,,,,,,,
1421,,DRINKING2IN1 CHOCOLATE 90G,PCS,62.5,50,0,1556421,0,CTN,48,3000,3200,,,,
873,,EXECETIVE TOMATO 4* 5LIT,EA,230,250,0,1555873,0,BAL,4,920,950,,,,
1399,,KANGORE BRIYANI RICE,KG,84,100,0,1556399,0,BAG,25,2100,2200,,,,
2155,,5 TEA 100*10*100G,PCS,32,40,0,1557155,0,OUT,10,320,350,CTN,10,3200,3300
2158,,5 TEA 200*20*50G,PCS,5.4313725490196,6,0,1557158,0,OUT,30,162.941176470588,180,CTN,20,3258.82352941176,3300
2233,,5 TEA 250G,PCS,87.5,200,0,1557233,0,OUT,4,350,800,,,,
2156,,5 TEA 250G,PCS,80,100,0,1557156,0,CTN,40,3200,3300,,,,
2154,,5 TEA 500G,PCS,160,180,0,1557154,0,CTN,20,3200,3300,,,,
2235,,5 tea 50g ginger,PCS,11.666666666666666,13.333333333333334,0,1557235,0,OUT,30,350,400,CTN,20,7000,8000
2236,,5 tea ginger 100grm,PCS,23.333333333333332,26.666666666666668,0,1557236,16,OUT,30,700,800,CTN,20,14000,16000
2715,,5TEA  50G* 20PACKTS* 10,PCS,5.5,7,0,1557715,0,OUT,30,165,210,CTN,20,3300,3400
2716,,5TEA 500G TANGAWIZI,PCS,170,200,0,1557716,0,CTN,20,3400,3500,,,,
120,,AARAN 2.5KG,PCS,1433.33333142857,1550,0,10000666,0,CTN,6,8599.99998857142,8700,,,,
1673,,ABU SULTAN GREEN,PCS,22.9166667362561,30,0,1556673,0,CTN,48,1100.00000334029,1200,,,,
1921,,ABU WALAD BUISCIT,PCS,26.0416666673886,30,0,1556921,0,DOZ,12,312.500000008663,340,CTN,4,1250.00000003465,1350
1565,,ACTION,EA,302.499970133333,350,0,1556565,0,,,,,,,,
1918,,ACTOL,PCS,11.5,13.333333333333334,0,1556918,0,OUT,30,345,400,CTN,20,6900,8000
122,,ADMIRAL 2.5 KG,PCS,1566.66666666667,1600,0,10001006,16,CTN,6,9400,9500,,,,
123,,ADMIRAL MILK 900 GR,PCS,583.333333333333,650,0,10000828,0,CTN,12,7000,7200,,,,
2464,,ADULT DIAPERS LARGE,EA,550,600,0,1557464,0,,,,,,,,
2465,,ADULT DIAPERS MEDIUM,EA,550,600,0,1557465,0,,,,,,,,
1635,,AFIA 300ML,EA,460,480,0,1556635,0,,,,,,,,
1634,,AFIA 500ML,EA,650,670,0,1556634,0,,,,,,,,
2043,,AFIA 500ML ORAGE\COLA\BLACK,PCS,14.333333333333334,16.666666666666668,0,1557043,0,CTN,30,430,500,CTN,20,8600,10000
2600,,"""AFNAN MAKORONI 20*500G.",PCS,0,0,0,1557600,0,PCS,1,0,0,,,,
2268,,AFRIN NOODLES,PCS,10,13.333333333333334,0,1557268,0,CTN,30,300,400,CTN,20,6000,8000
2498,,AFROCARE BODY CREAM 200G,PCS,125,170,0,1557498,0,EA,6,750,850,,,,
2569,,AG MAYONNAISE 160Z,PCS,131.58,170,0,1557569,0,CTN,12,1578.96,2040,,,,
2568,,"""AG MAYONNAISE 80Z",PCS,0,0,0,1557568,0,PCS,1,0,0,,,,
2566,,"""AG TOMATO KETCHUP TOP DOWN 340G",PCS,0,0,0,1557566,0,PCS,1,0,0,,,,
2565,,AG YELLOW MUSTARD 80Z,PCS,125,150,0,1557565,0,CTN,12,1500,1450,,,,
2564,,AG YELLOW MUSTARD80Z,PCS,127.166666666667,150,0,1557564,0,CTN,12,1526,1600,,,,
1506,,AHLAN 8*5 KG,PCS,687.5,750,0,1556506,0,BAG,8,5500,5700,,,,
2648,,AHLAN OLIVE OIL 1LT,PCS,375,500,0,1557648,0,CTN,12,4500,4600,,,,
2649,,AHLAN OLIVE OLI 500GR,PCS,208.333333333333,250,0,1557649,0,CTN,12,2500,2600,,,,
1838,,AHLAN RICE,KG,128,140,0,1556838,0,BAG,25,3200,3300,,,,
131,,AHLAN RICE  4*10KG,PCS,1375,1500,0,10001025,0,BAG,4,5500,5800,,,,
1566,,AIR FRESHNER,PCS,200,250,0,1556566,0,,,,,,,,
2668,,AISHA RICE 25KG,KG,118,130,0,1557668,0,BAL,25,2950,3100,,,,
1098,,"""AJAB  MOBAIL500",PCS,0,0,0,1556098,0,,,,,,,,
1311,,AJAB 1KG,KG,65,75,0,1556311,0,BAG,24,1560,1610,,,,
1363,,AJAB 2KG,PCS,128.333333333333,135,0,1556363,0,BAL,12,1540,1610,,,,
2222,,AJAB RICE,KG,116,130,0,1557222,0,BAG,25,2900,3000,,,,
136,,AJEXI COLOURS 1 LTR,PCS,75,120,0,10000571,16,CTN,12,900,1100,,,,
137,,AJEXI SCOURY 1KG,PCS,110,150,0,10001011,16,CTN,12,1320,1450,,,,
2140,,AKAARA RICE,KG,108,120,0,1557140,0,BAG,25,2700,2800,,,,
2504,,AKELLA CREAM 350G,PCS,125,200,0,1557504,0,CTN,12,1500,1600,,,,
2639,,AL EMLAQ DISH WASH 1LIT,PCS,800,850,0,1557639,0,CTN,12,9600,2150,,,,
1717,,AL FANAR RICE 10KG,PCS,1650,1700,0,1556717,0,BAG,4,6600,6700,,,,
2516,,AL FATAH,PCS,1575,1650,0,1557516,0,BAL,4,6300,6400,,,,
2426,,AL SABAAH 25KG,KG,124,130,0,1557426,0,BAG,25,3100,3150,,,,
2162,,AL YOOM MILK 2.5KG,PCS,1200,1300,0,1557162,0,CTN,6,7200,7300,,,,
2148,,ALCO 12*300ML,PCS,116.6666,180,0,1557148,0,CTN,12,1399.9992,1500,,,,
142,,ALFA MAYONNAISE MIDI 160G,PCS,137.5,200,0,10000229,16,CTN,12,1650,1750,,,,
2337,,ALFFRESH MILK 500ML,PCS,22.2,24,0,1557337,0,CTN,30,666,720,CTN,20,13320,14400
2338,,ALFRESH MILK 200ML,PCS,10.5,11.666666666666666,0,1557338,0,CTN,30,315,350,CTN,20,6300,7000
1648,,ALMOND HAIR OIL 100ML,PCS,218.627,250,0,1556648,0,CTN,20,4372.54,4500,,,,
1649,,ALMOND HAIR OIL 300ML,PCS,474.375625,550,0,1556649,0,CTN,16,7590.01,7800,,,,
1934,,ALMUNIAM FOIL  45CM*90M,PCS,35.7,40,0,1556934,0,OUT,30,1071,1200,CTN,20,21420,24000
2143,,ALMUNIUM FOIL 45CM*90M,PCS,33,35,0,1557143,0,OUT,30,990,1050,CTN,20,19800,21000
2313,,ALPHA MILK NUMBER 1,PCS,750,850,0,1557313,0,CTN,24,18000,20000,,,,
2470,,ALPHA NUMBER 2,PCS,750,850,0,1557470,0,CTN,24,18000,20000,,,,
2071,,ALQAMAR 8*5KG,PCS,22.916666666666668,25,0,1557071,0,OUT,30,687.5,750,BAG,8,5500,5800
1460,,ALQAMAR FISH SMALL,PCS,79.1666666666667,90,0,1556460,0,DOZ,12,950,1080,CTN,4,3800,3900
1547,,ALQAMAR RICE,KG,127.973527124427,140,0,1556547,0,BAG,25,3199.33817811068,3250,,,,
148,,ALQAMAR RICE 4*10KG,PCS,1375,1480,0,10001101,0,BAG,4,5500,5800,,,,
149,,ALSHIFA RICE,KG,132,140,0,10000518,0,BAG,25,3300,3400,,,,
150,,ALSHIFA RICE 10 KG,PCS,1425,1500,0,10000578,0,BAG,4,5700,5800,,,,
151,,ALSHIFA RICE 5kg,PCS,712.5,750,0,10000576,0,BAG,8,5700,5800,,,,
1124,,"""ALTUNSA 2.5",PCS,0,0,0,1556124,0,PCS,1,0,0,,,,
1493,,ALWAYS 16*8,PCS,69.3432163479122,80,0,1556493,0,CTN,16,1109.4914615666,1130,,,,
1794,,ALWAYS MAXI 16*7,PCS,74.60625,80,0,1556794,0,CTN,16,1193.7,1250,,,,
1795,,ALWAYS MAXI SOFT 16*8,PCS,43.9075,50,0,1556795,0,CTN,16,702.52,750,,,,
156,,AMAAR SMALL,PCS,60.4166666666667,62.5,0,10000547,16,DOZ,12,725,800,CTN,4,2900,3000
2742,,AMARA SANITIZER 100ML,PCS,170,220,0,1557742,0,DOZ,6,1020,1080,,,,
1872,,AMBER  SUNFLOWER 12* 500ML,PCS,95.6302083333333,150,0,1556872,0,CTN,12,1147.5625,1250,,,,
1873,,AMBER SUNFLOWER 12*1LTR,PCS,212.4772,280,0,1556873,0,CTN,12,2549.7264,2650,,,,
1874,,AMBER SUNFLOWER 6* 2LTR,PCS,416.44,500,0,1556874,0,CTN,6,2498.64,2600,,,,
2485,,AMINA RICE,PCS,91.66666666666667,95,0,1557485,0,BAG,30,2750,2850,CTN,20,55000,57000
157,,AMIR RICE,KG,112,140,0,10000951,0,BAG,25,2800,2900,,,,
2293,,AMIRA SHAMPOO 1380 G,PCS,190,220,0,1557293,0,CTN,12,2280,2450,,,,
1808,,AMKI BAKING POWDER 100G,PCS,12.5,20,0,1556808,0,DOZ,12,150,200,CTN,6,900,1000
158,,AMLA OIL,PCS,170,250,0,10000349,0,CTN,24,4080,4200,,,,
2230,,AMOR 370,EA,300,500,0,1557230,0,CTN,40,12000,20000,,,,
2232,,AMOR 700,PCS,600,700,0,1557232,0,CTN,40,24000,28000,,,,
1466,,AMREIN JUCIE,EA,590,630,0,1556466,0,,,,,,,,
160,,ANCHOR BABY 900 GR,PCS,933.333333333333,1050,0,10000701,0,CTN,12,11200,12000,,,,
1543,,ANCHOR MILK 12* 900G,PCS,850,950,0,1556543,0,CTN,12,10200,12000,,,,
1892,,ANCHOR MILK 2.5KG,PCS,2666.66666666667,3000,0,1556892,0,CTN,6,16000,16500,,,,
2591,,ANGELINA MACO,PCS,55,70,0,1557591,0,KG,2,110,120,CTN,10,1100,1250
1686,,ANGRY BIRDS 500G,PCS,10,13.333333333333334,0,1556686,0,OUT,30,300,400,CTN,12,3600,3800
163,,ANKARA  CIDI,PCS,67.5,70,0,10000746,0,KG,2,135,140,CTN,10,1350,1400
164,,ANKARA  FUSULI,PCS,67.5,70,0,10000747,0,KG,2,135,140,CTN,10,1350,1400
165,,ANKARA ELBOW,KG,67.5,70,0,10000815,0,CTN,20,1350,1400,,,,
166,,ANKARA LINGUINE,PCS,60,65,0,10000127,16,KG,2,120,125,CTN,10,1200,1230
167,,ANKARA MAKARONI,PCS,69.9752475247525,75,0,10000132,0,KG,2,139.950495049505,150,CTN,10,1399.50495049505,1450
168,,"ANKARA SP,G 20*500G",PCS,61.5,70,0,10000119,0,KG,2,123,130,CTN,10,1230,1300
2673,,ANTELOP 2KG,KG,120,130,0,1557673,0,BAL,12,1440,1500,,,,
2653,,ANTELOP UNGANO 1KG,KG,60.8333333333333,70,0,1557653,0,BAL,24,1460,1510,,,,
2654,,ANTELOP UNGANO 500KG,PCS,24.833333333333332,26.666666666666668,0,1557654,0,BAL,30,745,800,CTN,20,14900,16000
2754,,ANTI,PCS,120,170,0,1557754,0,DOZ,12,1440,2040,,,,
2751,,ANTIBACTERIAL HAND WASH,PCS,110,180,0,1557751,0,CTN,36,3960,4150,,,,
2019,,APC*125*100TAPLETS,PCS,3.3333333333333335,3.6666666666666665,0,1557019,0,OUT,30,100,110,CTN,125,12500,13000
2440,,AQU CLEAR 1.5ML,PCS,17.666666666666668,18.666666666666668,0,1557440,0,CTN,30,530,560,CTN,20,10600,11200
2433,,AQUA CLEAR 1 LT,PCS,13.333333333333334,14,0,1557433,0,BAL,30,400,420,CTN,20,8000,8400
2432,,AQUA CLEAR 500ML,PCS,7.666666666666667,8.333333333333334,0,1557432,0,BAL,30,230,250,CTN,20,4600,5000
1757,,ARBEL MAKROONI,PCS,60.0198379596727,70,0,1556757,0,KG,2,120.039675919345,140,CTN,10,1200.39675919345,1400
1263,,"ARBEL SP,G 20*500G",PCS,19,65,0,1556263,0,KG,2,38,130,CTN,10,380,1150
2332,,ARCO CHOGOLATE,PCS,185,230,0,1557332,0,CTN,12,2220,2320,,,,
172,,AREEQ OIL 1L,PCS,470,550,0,10000263,16,CTN,12,5640,5800,,,,
175,,ARIEL  10*1KG,PCS,234.996044461335,250,0,10000323,0,CTN,10,2349.96044461335,2450,,,,
2178,,ARIEL 12*144*30G,PCS,3.072222223333333,3.3333333333333335,0,1557178,0,DOZ,30,92.1666667,100,CTN,12,1106.0000004,1140
1793,,ARIEL 22*500G,PCS,122.727272727273,150,0,1556793,0,CTN,22,2700,2950,,,,
2524,,ARIEL 2KG,PCS,400,420,0,1557524,0,CTN,4,1600,1680,,,,
950,,ARIEL 36*200GM,PCS,50.5550584795322,70,0,1555950,0,DOZ,12,606.660701754386,630,CTN,3,1819.98210526316,1880
174,,ARIEL 4* 3.5KG,PCS,675,850,0,10000539,0,CTN,4,2700,3000,,,,
1792,,ARIEL 72*100G,PCS,24.0150296960198,30,0,1556792,0,DOZ,12,288.180356352238,320,CTN,6,1729.08213811343,1850
1827,,ARIEL 72*45G,PCS,4.263565361078333,4.666666666666667,0,1556827,0,DOZ,30,127.90696083235,140,CTN,6,767.4417649941,800
2490,,ARIEL DOWNY 72*85G,PCS,44.090333333333334,46,0,1557490,0,CTN,30,1322.71,1380,CTN,20,26454.2,27600
1630,,ARIMIS 12* 100G,PCS,11.735042735042732,12.666666666666666,0,1556630,0,DOZ,30,352.051282051282,380,CTN,12,4224.61538461538,4400
1631,,ARIMIS 12* 200G,PCS,57.6388893732767,80,0,1556631,0,DOZ,12,691.66667247932,800,CTN,6,4150.00003487592,4250
1834,,ARIMIS 12* 50G,PCS,7.083333333333333,8.333333333333334,0,1556834,0,DOZ,30,212.5,250,CTN,12,2550,2650
530,,ARYUF WIPES 24*80,PCS,152.083333333333,170,0,10000327,0,CTN,24,3649.99999999999,3750,,,,
2194,,ATT PEMBE 12*2KG,PCS,126.666666666667,135,0,1557194,0,BAL,12,1520,1580,,,,
1769,,ATTAR MIX,PCS,17.666666666666668,20,0,1556769,0,OUT,30,530,600,CTN,20,10600,12000
2617,,AVENA 10LIT,PCS,1330,1380,0,1557617,0,,,,,,,,
2058,,AVENA 20LTR,PCS,83.66666666666667,85,0,1557058,0,JRC,30,2510,2550,CTN,20,50200,51000
2708,,AVENA 2LIT,PCS,462.5,520,0,1557708,0,CTN,6,2775,2875,,,,
2717,,AVENA 3LIT,PCS,575,630,0,1557717,0,CTN,6,3450,3550,,,,
2543,,AVENA 5LIT,PCS,943.75,1000,0,1557543,0,CTN,4,3775,3950,,,,
1846,,AXION 12*800G,PCS,332.16,400,0,1556846,0,CTN,12,3985.92,4100,,,,
1844,,AXION 24*200G,PCS,93.67,150,0,1556844,0,CTN,24,2248.08,2400,,,,
1845,,AXION 24*400G,PCS,149.040285714286,180,0,1556845,0,CTN,24,3576.96685714286,3800,,,,
182,,AXLAM AL ARAB,PCS,270,350,0,10000727,0,CTN,12,3240,3700,,,,
1387,,AZAM ENERGY DRINK,PCS,23.333333333333332,24.333333333333332,0,1556387,0,CTN,30,700,730,CTN,20,14000,14600
2727,,AZAM TROPICAL,EA,650,700,0,1557727,0,,,,,,,,
2723,,BAARI RICE 25KG,KG,116,125,0,1557723,0,BAL,25,2900,3000,,,,
952,,BABAY JOY LOW COUNT,PCS,37.333333333333336,38.333333333333336,0,1555952,0,BAL,30,1120,1150,CTN,20,22400,23000
186,,BABAY NICE MIDI 48,PCS,575,650,0,10000703,0,CTN,4,2300,2400,,,,
2000,,BABY BABY SOFT L/C L,PCS,8.666666666666666,10,0,1557000,0,OUT,30,260,300,CTN,6,1560,1700
1383,,BABY BABY SOFT NO 2,PCS,26,28.333333333333332,0,1556383,0,OUT,30,780,850,BAL,3,2340,2500
1382,,BABY BABY SOFT NO 3,PCS,26,28.333333333333332,0,1556382,0,OUT,30,780,850,BAL,3,2340,2500
1380,,BABY BABY SOFT NO 4,PCS,26,28.333333333333332,0,1556380,0,OUT,30,780,850,BAL,2,1560,1700
1381,,BABY BABY SOFT NO 5,PCS,26,28.333333333333332,0,1556381,0,OUT,30,780,850,BAL,2,1560,1700
1259,,BABY CARE WIPES 24*80,PCS,112.5,150,0,1556259,0,CTN,24,2700,2800,,,,
1568,,BABY GIFT,PCS,11.666666666666666,13.333333333333334,0,1556568,0,OUT,30,350,400,CTN,20,7000,8000
2030,,BABY GIFT BAG,PCS,9.333333333333334,11,0,1557030,0,OUT,30,280,330,CTN,20,5600,6600
1286,,BABY JOY NO 2,PCS,28.8,30,0,1556286,0,OUT,30,864,900,BAL,3,2592,2650
1285,,BABY JOY NO 3,PCS,28.8,30,0,1556285,0,OUT,30,864,900,BAL,3,2592,2650
1284,,BABY JOY NO 4,PCS,28.8,30,0,1556284,0,OUT,30,864,900,BAL,3,2592,2650
1287,,BABY JOY NO 5,PCS,28.8,30,0,1556287,0,OUT,30,864,900,BAL,3,2592,2650
1655,,BABY JOY NO2 S/S,PCS,650,700,0,1556655,0,,,,,,,,
2661,,BABY LOTION 500ML,PCS,200,250,0,1557661,0,CTN,24,4800,4900,,,,
1982,,BABY OIL,PCS,120,150,0,1556982,0,,,,,,,,
2554,,BABY POWDER 1000GRS,PCS,25,50,0,1557554,0,DOZ,12,300,400,CTN,12,3600,2700
1980,,BABY SHAMPOOO,PCS,117.428571428571,250,0,1556980,0,,,,,,,,
1981,,BABY SOAP,PCS,55,100,0,1556981,0,,,,,,,,
1296,,BABY STILL NO 2,PCS,28.219696952416466,30,0,1556296,0,OUT,30,846.590908572494,900,BAL,4,3386.36363428998,3500
1297,,BABY STILL NO 3,PCS,28.333333333333332,30,0,1556297,0,OUT,30,850,900,BAL,4,3400,3500
1299,,BABY STILL NO 4,PCS,28.3060107950382,30,0,1556299,0,OUT,30,849.180323851146,900,BAL,4,3396.72129540458,3500
1300,,BABY STILL NO 5,PCS,27.549019621848736,30,0,1556300,0,OUT,30,826.470588655462,900,BAL,4,3305.88235462185,3500
2083,,BABY STILL WIPIS 24*120PCS,PCS,112.5,150,0,1557083,0,CTN,24,2700,2800,,,,
1577,,BABY VASELINE,PCS,175,200,0,1556577,0,CTN,36,6300,5850,,,,
2582,,BABYLON CHOCOLATE,PCS,360,390,0,1557582,0,CTN,12,4320,4400,,,,
205,,BAC GREEN,PCS,165,200,0,10000991,0,,,,,,,,
208,,BAC YELLOW,PCS,215,250,0,10000992,0,,,,,,,,
209,,BAHAR LINGUNI 500G,PCS,50,60,0,10000974,0,KG,2,100,120,CTN,10,1000,1100
210,,BAHAR MAKARONI,PCS,55,65,0,10000129,0,KG,2,110,130,CTN,10,1100,1300
212,,BAHARI 1 LTR,PCS,173.333333333333,200,0,10000709,0,CTN,12,2080,2150,,,,
1093,,BAHARI 10 LT,PCS,56,57.666666666666664,0,1556093,0,JRC,30,1680,1730,CTN,20,33600,34600
1339,,BAHARI 20 LTR,PCS,88.5,91.83333333333333,0,1556339,0,JRC,30,2655,2755,CTN,20,53100,55100
1852,,BAHARI 2LTR,PCS,333.333333333333,400,0,1556852,0,CTN,6,2000,2100,,,,
215,,BAHARI 3LITER,PCS,475,520,0,10000573,0,CTN,6,2850,2950,,,,
216,,BAHARI 5 LTR,PCS,758.304289009452,800,0,10000151,0,CTN,4,3033.21715603781,3200,,,,
217,,BAHARI 500 ML,PCS,93.225,120,0,10000506,16,CTN,12,1118.7,1200,,,,
2520,,BAHARI CHAI 250G,PCS,100,120,0,1557520,0,CTN,40,4000,4200,,,,
2521,,BAHARI CHAI 500G,PCS,120,200,0,1557521,0,CTN,20,2400,2100,,,,
2075,,BAKED BEANS 24*400G,PCS,79.1666667,90,0,1557075,0,CTN,24,1900.0000008,2000,,,,
2339,,BAKERDREAM 450G,PCS,155,180,0,1557339,0,CTN,20,3100,3400,,,,
1500,,BAKERY KING,PCS,151.124031521056,180,0,1556500,0,CTN,20,3022.48063042112,3100,,,,
236,,BALL GUM,PCS,130.833333333333,150,0,10000803,0,CTN,12,1570,1700,,,,
219,,BAMIR SOAP,PCS,2.6666666666666665,3.3333333333333335,0,10000319,0,PCS,30,80,100,CTN,20,1600,2000
1930,,BARAF RICE,KG,104.8,120,0,1556930,0,BAG,25,2620,2680,,,,
220,,BARAKA MILK 2.5 KG,PCS,1516.66666666667,1600,0,10000960,0,CTN,6,9100.00000000002,9300,,,,
221,,BARIRA 900G,PCS,616.666666666667,650,0,10000596,0,CTN,12,7400,7500,,,,
222,,BARIRA MILK 2.5KG,PCS,1566.66666666667,1600,0,10000162,0,CTN,6,9400,9500,,,,
223,,BARWAQO MILK 2.5,PCS,1450,1600,0,10001060,0,CTN,6,8700,8900,,,,
224,,BASHA 450G,PCS,140,180,0,10000288,0,CTN,20,2800,2900,,,,
225,,BASSO 5LTR,PCS,900,1050,0,10000393,16,,,,,,,,
226,,BASSO OIL 1L,PCS,483.333333333333,550,0,10000261,16,CTN,12,5800,6000,,,,
227,,BASSO OIL 500G,PCS,313.760697674419,350,0,10000262,16,CTN,12,3765.12837209303,3900,,,,
228,,BASTA,PCS,3.6666666666666665,4,0,10000906,0,KG,30,110,120,CTN,10,1100,1200
1534,,BATOOK CHEWING GUM,PCS,3.533333333333333,4,0,1556534,0,OUT,30,106,120,CTN,50,5300,5400
2116,,"""BBQ SAUCE",PCS,0,0,0,1557116,0,,,,,,,,
2050,,BEEF CHILLI CUPE 45*6*8.5G,PCS,2.0740740740740735,2.1481481481481466,0,1557050,0,OUT,30,62.2222222222222,64.4444444444444,CTN,45,2800,2900
1521,,BEEF MASALA,PCS,70,150,0,1556521,0,DOZ,12,840,950,,,,
2384,,BELLA TISSUE,EA,200,230,0,1557384,0,BAL,4,800,850,,,,
1526,,BERLANTO SAN FALOWAR,PCS,925,1000,0,1556526,0,,,,,,,,
2622,,Berrak spghetti 500g,PCS,52.5,60,0,1557622,0,KG,2,105,115,CTN,10,1050,1100
241,,BES FIT MILK 2.5KG,PCS,1550,1600,0,10000863,0,CTN,6,9300,9400,,,,
242,,BESLER MAKARONI,PCS,60,65,0,10000459,16,KG,2,120,140,CTN,10,1200,1300
243,,BESLER SPAGHETTI,PCS,56.5,60,0,10000451,16,KG,2,113,120,CTN,10,1130,1200
244,,BEST FIT MILK 2.5KG,PCS,1550,1600,0,10000864,0,CTN,6,9300,9400,,,,
1077,,BGG DADDY,EA,210,250,0,1556077,0,,,,,,,,
1214,,BGG DADDY,PCS,112.33333333333333,116.66666666666667,0,1556214,0,CTN,30,3370,3500,CTN,20,67400,70000
2735,,BIC PEN,PCS,9.166666666666666,10.666666666666666,0,1557735,0,OUT,30,275,320,CTN,40,11000,12800
2481,,BIEN CROISSANT,EA,463.37,500,0,1557481,0,CTN,4,1853.48,1900,,,,
1611,,BIG DADDY 16*50PCS,PCS,6.041666666666667,8.333333333333334,0,1556611,0,OUT,30,181.25,250,CTN,16,2900,3100
1486,,BIG G 30*50,PCS,163.333333105873,175,0,1556486,0,CTN,30,4899.99999317619,5000,,,,
1835,,BIG RAZOR,PCS,5.833333333333333,6.25,0,1556835,0,DOZ,30,175,187.5,CTN,8,1400,1500
1860,,BIKWI BUISCIT,PCS,6.566666666666666,8.333333333333334,0,1556860,0,CTN,30,197,250,CTN,20,3940,5000
1542,,BILAN MILK2.5KG,PCS,1283.33333333333,1350,0,1556542,0,CTN,6,7700,8000,,,,
246,,BINTU ARAB,PCS,270,350,0,10000443,16,CTN,12,3240,3350,,,,
247,,BIO FLASH750 ML,PCS,150,200,0,10001012,16,CTN,24,3600,3800,,,,
2273,,BIRYANI*25 KG,KG,74,90,0,1557273,0,BAG,25,1850,1950,,,,
1985,,BLACK HENNA,PCS,130,180,0,1556985,0,,,,,,,,
2133,,BLACK PAPEPPER Z/ZIBAR 100G,PCS,160,200,0,1557133,0,DOZ,12,1920,2000,,,,
1888,,BLACK PEPPER 50G,PCS,66.96,100,0,1556888,0,DOZ,12,803.52,1200,,,,
1867,,BLACK SEED OIL SMALL/S,PCS,68.2636769180305,100,0,1556867,0,DOZ,12,819.164123016366,900,,,,
1576,,BLACK SHAMPOO,PCS,5.333333333333333,6.666666666666667,0,1556576,0,OUT,30,160,200,CTN,64,10240,10350
1866,,BLACKSEED OIL BIG/S,PCS,76.0755332288968,150,0,1556866,0,DOZ,12,912.906398746762,1000,,,,
2060,,BLANC SUNFLOWER 3*5LTR,PCS,1200,1270,0,1557060,0,CTN,3,3600,3700,,,,
1740,,BLANC SUNFLOWER 6*3LTR,PCS,725,780,0,1556740,0,CTN,6,4350,4450,,,,
253,,BLITZ DOOM 400ML,PCS,110,150,0,10000322,16,CTN,48,5280,5500,,,,
1494,,BLOOM 250ML,PCS,60,66.66666666666667,0,1556494,0,OUT,30,1800,2000,CTN,20,36000,40000
254,,BLUE BAND  12*1KG,PCS,316.666666666667,350,0,10000550,0,CTN,12,3800,3900,,,,
1551,,BLUE BAND 12*25G,PCS,3,3.6666666666666665,0,1556551,0,DOZ,30,90,110,CTN,12,1080,1150
257,,BLUE BAND 24*500g,PCS,166.666666666667,190,0,10000711,0,CTN,24,4000,4100,,,,
1550,,BLUE BAND 48* 250G,PCS,81.9402,90,0,1556550,0,CTN,48,3933.1296,4150.32,,,,
1666,,BLUE BAND 48*100G,PCS,32.9166666666667,40,0,1556666,0,DOZ,12,395,430,CTN,4,1580,1750
2579,,BLUE BAND PEANUT BUTTER 400G,PCS,230,270,0,1557579,0,CTN,24,5520,5600,,,,
1240,,BLUE FALLS WATER 1.5LTR,PCS,8,8.666666666666666,0,1556240,0,CTN,30,240,260,CTN,20,4800,5200
259,,BODY SPRAY,PCS,180,250,0,10000600,0,,,,,,,,
2073,,BOKOMO OATS 1KG,PCS,5,6.666666666666667,0,1557073,0,OUT,30,150,200,CTN,20,3000,4000
260,,BOOK 12*200 PAGE A4,PCS,68.1136335755514,80,0,10000961,0,DOZ,12,817.363602906617,860,CTN,6,4495.49981598639,4800
1647,,BOOKS  12*120PAGES A4,PCS,42.5818008719976,55,0,1556647,0,DOZ,12,510.981610463971,550,CTN,9,4343.34368894376,4500
1927,,BOOKS 12*120PAGE A5,PCS,22.5268817204301,30,0,1556927,0,DOZ,15.5,349.166666666667,380,CTN,12,4190,4250
2017,,BOOKS 12*200PAGE MATH,PCS,36.4126984126984,45,0,1557017,0,DOZ,12,436.952380952381,480,CTN,11,4588,4700
1805,,BOOKS 12*200PAGES A5,PCS,36.2121046915433,50,0,1556805,0,DOZ,12,434.54525629852,480,CTN,11,4779.99781928372,4900
1992,,BOOKS 12*96PAGES A5,PCS,18.8842100877193,25,0,1556992,0,DOZ,12,226.610521052632,260,CTN,19,4305.5999,4500
261,,BOOKS 15.5*120PG MATH,PCS,23.0723655913979,30,0,10000455,0,DOZ,12,276.868387096774,300,CTN,16,4291.46,4400
262,,BOOKS 21*80 PAGE,PCS,6.4609524053723995,7.333333333333333,0,10001008,0,DOZ,30,193.828572161172,220,CTN,21,4070.40001538461,4200
1646,,BOOKS 29*64PAGES,PCS,5.384827457392,6.666666666666667,0,1556646,0,DOZ,30,161.54482372176,200,CTN,29,4684.79988793104,4800
1645,,BOOKS 32*48PAGES,PCS,4.3149999999999995,5.333333333333333,0,1556645,0,DOZ,30,129.45,160,CTN,32,4142.4,4300
1644,,BOOKS 42*32PAGES,PCS,3.1025396825396836,3.6666666666666665,0,1556644,0,DOZ,30,93.0761904761905,110,CTN,42,3909.2,4100
263,,"""BOUNCY  MAX",PCS,0,0,0,10000661,0,PCS,1,0,0,,,,
264,,BOUNCY JUNIOR ( 5 ),PCS,636.3,700,0,10000663,0,CTN,6,3817.8,3900,,,,
265,,BOUNCY MIDI (36 ),PCS,636.3,700,0,10000662,0,CTN,6,3817.8,3900,,,,
266,,BOUNCY MINI ( 40 ),PCS,636.3,700,0,10000664,0,CTN,6,3817.8,3900,,,,
1865,,BREEZE TOMTO SAUCE 5LTR,PCS,175,200,0,1556865,0,CTN,4,700,800,,,,
2079,,BROOKSIDE 200ML,PCS,16.333333333333332,17,0,1557079,0,CTN,30,490,510,CTN,20,9800,10200
1508,,BROOKSIDE 500ML,PCS,20.5151515151515,28.333333333333332,0,1556508,0,CTN,30,615.454545454545,850,CTN,20,12309.0909090909,17000
1514,,BROOKSIDE DAIRY FRESH 250ML,PCS,280,310,0,1556514,0,CTN,8,2240,2700,,,,
268,,BRUSH,PCS,37.5,70,0,10001095,0,DOZ,12,450,500,,,,
269,,BUBLISH XANJO,PCS,70,80,0,10000313,0,CTN,20,1400,1450,,,,
2594,,BUDGET UGALI 2KG,KG,102.5,110,0,1557594,0,BAL,12,1230,1270,,,,
270,,BUKLE SPAGHETI,PCS,57.5,60,0,10000118,16,KG,2,115,120,CTN,10,1150,1200
271,,BUSS CHARGES,PCS,1,1,0,10000540,0,,,,,,,,
1690,,BUTTER TOFEE 24*60PCS,PCS,3.6666666666666665,5,0,1556690,0,OUT,30,110,150,CTN,24,2640,2800
273,,C.P.C OIL SMALL 400ML,PCS,121,150,0,10000223,16,CTN,24,2904,3000,,,,
2698,,CAKE GRAND,PCS,216.666666666667,230,0,1557698,0,CTN,12,2600,2700,,,,
2746,,CAKE TIME,PCS,425,450,0,1557746,0,CTN,6,2550,2600,,,,
850,,CAMERA BIG,PCS,83.3333333333333,89.1666666666667,0,1555850,0,OUT,12,1000,1070,,,,
2006,,CAPELINA SPAGETTI,PCS,45,50,0,1557006,0,,,,,,,,
2453,,CARAMEL,EA,370,400,0,1557453,0,,,,,,,,
1691,,CARAMELO 24*70PCS,PCS,1.6666666666666667,3.3333333333333335,0,1556691,0,OUT,30,50,100,CTN,24,1200,1300
2132,,CARDAMOM Z/ZIBZR 100G,PCS,250,280,0,1557132,0,DOZ,12,3000,3100,,,,
2442,,CARDAMON 100G,PCS,250,290,0,1557442,0,DOZ,12,3000,3480,,,,
283,,CARO LIGHT SMALL,PCS,90,150,0,10001092,0,,,,,,,,
284,,CASH MONEY,PCS,1,1,0,10001121,0,,,,,,,,
285,,CATER TIISH,PCS,63.3333333333333,80,0,10000766,0,CTN,60,3800,4200,,,,
1915,,CBC 24*400G,PCS,165,250,0,1556915,0,CTN,24,3960,4500,,,,
2137,,CBC CHUPA 20*500ML,PCS,210,250,0,1557137,0,CTN,24,5040,5150,,,,
2612,,CERE CARE HANDWASH 500ML,PCS,99.6774193548387,150,0,1557612,0,CTN,24,2392.25806451613,2450,,,,
2165,,CERELAC 24*200G,PCS,9.027777777777766,10,0,1557165,0,OUT,30,270.833333333333,300,CTN,24,6499.99999999999,6700
1453,,CERELAC 400 12 MONTH,PCS,416.666666946764,450,0,1556453,0,CTN,24,10000.0000067223,10500,,,,
1454,,CERELAC 400G 6 MONTH,PCS,416.666666666667,500,0,1556454,0,CTN,24,10000,10500,,,,
1455,,CERELAC 400G 7MONTH,PCS,511.666666666667,600,0,1556455,0,CTN,24,12280,10500,,,,
2108,,CERELAC MIX 24*400G,PCS,17.055555555555568,20,0,1557108,0,OUT,30,511.666666666667,600,CTN,24,12280,12330
1685,,CERELAC SACHET 6*50G,PCS,16.555555555555568,18.333333333333332,0,1556685,0,DOZ,30,496.666666666667,550,CTN,6,2980,3150
1272,,CHAGUO LA MAMA 1KG,KG,67.5,80,0,1556272,0,BAG,20,1350,1480,,,,
2360,,CHAMPION SUNFLOWER OIL,PCS,575,650,0,1557360,0,CTN,4,2300,2600,,,,
1084,,CHAPA MANDAZ,PCS,8.222222222222234,9,0,1556084,0,DOZ,30,246.666666666667,270,CTN,6,1480,1550
854,,CHEF 1KG,KG,54.5833333333333,60,0,1555854,0,CTN,24,1310,1400,,,,
824,,CHEF 2KG,KG,110,120,0,1555824,0,CTN,12,1320,1400,,,,
1367,,CHIKOOL BABERS,PCS,16.666666666666668,18.333333333333332,0,1556367,0,OUT,30,500,550,BAL,6,3000,3200
293,,CHIMCHIM 250 GR,PCS,80,120,0,10000646,16,CTN,40,3200,3500,,,,
294,,CHIMCHIM 500 GR,PCS,175,250,0,10000645,16,CTN,20,3500,3800,,,,
2161,,CHOCO ECLAIR 12*63*250G,PCS,5.333333333333333,6,0,1557161,0,OUT,30,160,180,CTN,12,1920,2050
2189,,CHOCO ECLAIRS 54*50*250G,PCS,5.563,6,0,1557189,0,OUT,30,166.89,180,CTN,54,9012.06,9100
2385,,CHOCO FUN,EA,175,191.666666666667,0,1557385,0,CTN,12,2100,2300,,,,
2111,,CHOCO SYRUP 624G,PCS,9.133333333333333,11,0,1557111,0,OUT,30,274,330,CTN,20,5480,6600
1904,,CHOCOLATE,PCS,5.555555579710133,6.666666666666667,0,1556904,0,OUT,30,166.666667391304,200,CTN,24,4000.0000173913,4200
295,,CHOCOLATE FINETTI,PCS,162.5,200,0,10000853,0,CTN,16,2600,2700,,,,
1910,,CHOCOLATE FLAVORED CANDY,PCS,16,17.666666666666668,0,1556910,0,OUT,30,480,530,CTN,10,4800,4900
1955,,CHOCOLETE GOLDEN 12* 350G,PCS,150,200,0,1556955,0,CTN,12,1800,1900,,,,
1956,,CHOCOLETE GOLDEN 6* 750G,PCS,366.666666666667,450,0,1556956,0,CTN,6,2200,2500,,,,
297,,CIKO BEST,PCS,280,350,0,10000266,16,CTN,6,1680,1800,,,,
2423,,"""CIKOBEST",PCS,0,0,0,1557423,0,PCS,1,0,0,,,,
2443,,CINAMON 100G,EA,125,180,0,1557443,0,DOZ,12,1500,1800,,,,
1886,,CINNAMON 50G,PCS,52.758,100,0,1556886,0,DOZ,12,633.096,800,,,,
2597,,"""CINTHOL ANT BACTIRIAL72*75G.",PCS,0,0,0,1557597,0,PCS,1,0,0,,,,
2598,,"""CINTHOL ANTI BACTERIAL 48*175G.",PCS,0,0,0,1557598,0,PCS,1,0,0,,,,
2599,,"""CINTHOL ANTI BACTERIAL SOAP 72*125G.",PCS,0,0,0,1557599,0,PCS,1,0,0,,,,
2628,,CLEAN WHITE TOOTH BRUSH,PCS,120,170,0,1557628,0,CTN,100,12000,12300,,,,
2629,,CLEAN WHITE TOTO BRUSH,PCS,120,170,0,1557629,0,CTN,100,12000,12300,,,,
1764,,CLEAR SHAMPOO,PCS,170,300,0,1556764,0,,,,,,,,
298,,CLIMAX,PCS,100,150,0,10000859,0,,,,,,,,
2383,,CLING FILM 30*30M,EA,105,140,0,1557383,0,CTN,24,2520,2700,,,,
1935,,CLING FILM 30CM*300,PCS,18.033333333333335,20,0,1556935,0,OUT,30,541,600,CTN,20,10820,12000
2382,,CLING FILM30*300M,EA,520,580,0,1557382,0,CTN,12,6240,6500,,,,
2184,,CLINGFILM STATWRAP 30CM*300M,PCS,18,19.333333333333332,0,1557184,0,OUT,30,540,580,CTN,12,6480,6700
1663,,CLOSE UP 125ML,PCS,74.9996800788955,140,0,1556663,0,DOZ,12,899.996160946746,1850,,,,
2681,,CLOVERS DRINKING CHOCOLATE 200G,PCS,150,200,0,1557681,0,CTN,24,3600,3700,,,,
2326,,CLUB GLUCOSE 72PK*4,PCS,7.666666666666667,8.333333333333334,0,1557326,0,CTN,30,230,250,CTN,20,4600,5000
300,,COAST MILK 900G,PCS,767,850,0,10000174,0,CTN,12,9200,9500,,,,
1596,,COCOA 12* 320G,PCS,499.7975,550,0,1556596,0,CTN,12,5997.57,6100,,,,
2128,,COCOA 24*200G,PCS,267.00375,300,0,1557128,0,DOZ,12,3204.045,3250,CTN,2,6408.09,6500
2129,,COCOA 24*90G,PCS,140.999,160,0,1557129,0,DOZ,12,1691.988,1730,CTN,2,3383.976,3500
1579,,COCOA SACHET 20G,PCS,8.428166666666666,9,0,1556579,0,DOZ,30,252.845,270,CTN,10,2528.45,2600
766,,COCONUT CREAM 400G,PCS,138,143.75,0,10001040,0,CTN,24,3312,3450,,,,
513,,COCONUT MILK 400ML,PCS,138,143.75,0,10000681,0,CTN,24,3312,3450,,,,
2434,,COCONUT MILK POWDER 300GMS,PCS,310.068,350,0,1557434,0,CTN,24,7441.632,6700,,,,
2124,,COCONUT OIL 500ML,PCS,467.5,520,0,1557124,0,,,,,,,,
1232,,COFFE CANDY,PCS,170,200,0,1556232,0,CTN,20,3400,4400,,,,
1697,,COFTA,PCS,11.25,13.333333333333334,0,1556697,0,OUT,30,337.5,400,CTN,40,13500,13800
2014,,COLGATE HERBAL 12*70G,PCS,69.4444444444444,100,0,1557014,0,DOZ,12,833.333333333333,900,CTN,12,10000,10500
2694,,COLGATE TOOTHBRUSH ANTI CAVITY,PCS,7.8611111111111,8.333333333333334,0,1557694,0,OUT,30,235.833333333333,250,CTN,12,2830,2930
2147,,COLGET 12*24*15ML,PCS,17.2,18.333333333333332,0,1557147,0,OUT,30,516,550,CTN,12,6192,6500
1525,,COLGET 12*70G,PCS,62.5,100,0,1556525,0,DOZ,12,750,800,CTN,12,9000,9200
1719,,COLGET 24*35G,PCS,15.04,16,0,1556719,0,OUT,30,451.2,480,CTN,24,10828.8,11800
2074,,COLGET HARBAL 6*100ML,PCS,105.891891891892,130,0,1557074,0,DOZ,12,1270.7027027027,1470,CTN,6,7624.21621621622,9000
1527,,COLGET HERBAL 140G,PCS,120,140,0,1556527,0,DOZ,12,1440,1550,,,,
1809,,COLGET HERBAL 35G,PCS,16.203703333333333,18.333333333333332,0,1556809,0,OUT,30,486.1111,550,CTN,12,5833.3332,6500
2355,,COLGET*100ML,PCS,83.3333257920123,120,0,1557355,0,OUT,12,999.999909504148,1250,CTN,6,5999.99945702489,6800
1755,,CONFY BABY NO 2,PCS,28.333333333333332,30,0,1556755,0,OUT,30,850,900,BAL,4,3400,3600
1754,,CONFY BABY NO 3,PCS,850,900,0,1556754,0,BAL,4,3400,3600,,,,
1753,,CONFY BABY NO 4,PCS,28.33178808591627,30,0,1556753,0,OUT,30,849.953642577488,900,BAL,4,3399.81457030995,3550
1756,,CONFY BABY NO 5,PCS,28.333333333333332,30,0,1556756,0,OUT,30,850,900,BAL,4,3400,3550
2085,,COO SWEAT 12*50PCS,PCS,3.0833333333333335,3.3333333333333335,0,1557085,0,OUT,30,92.5,100,CTN,12,1110,1180
183,,COOL COW SWT 20*80pcs,PCS,64.5,70,0,10000191,0,CTN,20,1290,1350,,,,
2416,,COOL MAX  COLGET,PCS,100,130,0,1557416,0,DOZ,12,1200,1200,,,,
304,,CORNFLAKES 10*500G,PCS,400,450,0,10000773,0,CTN,10,4000,4100,,,,
310,,"""COSMO UGAALI 1 kg",PCS,0,0,0,10000432,0,PCS,1,0,0,,,,
1928,,COSMO UGALI 2KG,PCS,91.6666666666667,110,0,1556928,0,CTN,12,1100,1180,,,,
1676,,COSMO UGALI 500DMS,PCS,19.666666666666668,21.666666666666668,0,1556676,0,CTN,30,590,650,CTN,20,11800,13000
2204,,COWBOY 4*4KG,PCS,782.5,850,0,1557204,0,CTN,4,3130,3400,,,,
1469,,COWN GET NO 1,PCS,866.666666666667,950,0,1556469,0,CTN,12,10400,10900,,,,
1468,,"""COWN GET NO 2",PCS,0,0,0,1556468,0,PCS,1,0,0,,,,
1869,,COWN GET NO 3,PCS,850,950,0,1556869,0,CTN,12,10200,11200,,,,
314,,CPC NEW SMALL,PCS,120.833333333333,150,0,10000764,0,CTN,24,2900,3000,,,,
315,,CREAM FUDGE CHOCOLATE 400 G,PCS,150,200,0,10000921,16,CTN,24,3600,3800,,,,
1905,,"""CREAM WAFER",PCS,0,0,0,1556905,0,PCS,1,0,0,,,,
231,,CREAM/LOLOPOP 16*50pcs,PCS,82.5,120,0,10000896,0,CTN,20,1650,1700,,,,
1692,,CREAMZ 24*70PCS,PCS,1.6666666666666667,3.3333333333333335,0,1556692,0,OUT,30,50,100,CTN,24,1200,1300
1583,,CROMA 10KG,PCS,57.666666666666664,60,0,1556583,0,CTN,30,1730,1800,CTN,20,34600,36000
2446,,CUMMIN 100G,EA,120,160,0,1557446,0,DOZ,12,1440,1920,,,,
1582,,CURRY POWDER 10G,PCS,1.25,1.3194444444444433,0,1556582,0,DOZ,30,37.5,39.5833333333333,CTN,24,900,950
2227,,CUSHY BABY *4,PCS,850,900,0,1557227,0,BAL,4,3400,3500,,,,
2228,,CUSHY BABY WIPS *12,PCS,100,130,0,1557228,0,CTN,12,1200,1300,,,,
317,,CUSHY TISH SERVIETTES,PCS,55.5555555555556,70,0,10000405,0,CTN,18,1000,1050,,,,
2514,,CUSSONS BABY SOAP,PCS,50,80,0,1557514,0,DOZ,12,600,650,CTN,6,3600,3900
321,,DAAWAT RICE,PCS,850,900,0,10000649,0,CTN,5,4250,4400,,,,
1674,,DAIMA 18*500ML,PCS,24.333333333333332,25,0,1556674,0,CTN,30,730,750,CTN,20,14600,15000
1998,,DAIMA STRAWBERRY  12*500ML,PCS,20.8,21.666666666666668,0,1556998,0,CTN,30,624,650,CTN,20,12480,13000
2036,,DAIMA VANILLA 12*500ML,PCS,21.666666666666668,22.666666666666668,0,1557036,0,CTN,30,650,680,CTN,20,13000,13600
2125,,DAIRY MILK 12*12*37G,PCS,23.362347222333334,24.333333333333332,0,1557125,0,OUT,30,700.87041667,730,CTN,12,8410.44500004,8500
2107,,DAIRY MILK CHOC 8*12*11G,PCS,12.036686476190466,12.833333333333334,0,1557107,0,OUT,30,361.100594285714,385,CTN,12,4333.20713142857,4450
1776,,DAIRY TOP MILK 90DAYS,PCS,15,16.666666666666668,0,1556776,0,CTN,30,450,500,CTN,20,9000,10000
1775,,DAIRY TOP MILK FINO PACK,PCS,16.666666666666668,18.333333333333332,0,1556775,0,CTN,30,500,550,CTN,20,10000,11000
2542,,DALAN HAND WASH 400ML,EA,212.501,250,0,1557542,0,,,,,,,,
325,,DALJIR RICE,KG,124,135,0,10000533,0,BAG,25,3100,3200,,,,
2721,,DAMASA PENCILS,EA,62,80,0,1557721,16,DOZ,12,744,800,CTN,2,1240,14600
1651,,DANA CHILI SATCHET 20G,PCS,22.333333333333332,25,0,1556651,0,CTN,30,670,750,CTN,20,13400,15000
1653,,DANA CHILI SAUCE 5LTR,PCS,300,330,0,1556653,0,CTN,4,1200,1250,,,,
1650,,DANA TOMTO SATCHET20G,PCS,22.666666666666668,25,0,1556650,0,CTN,30,680,750,CTN,20,13600,15000
1652,,DANA TOMTO SAUCE 5LTR,PCS,287.5,320,0,1556652,0,CTN,4,1150,1200,,,,
327,,DANIAH SPAGHETTI,KG,85,100,0,10001033,0,CTN,10,850,900,,,,
2123,,DARK SOY SAUCE 12*625ML,PCS,186.999725,250,0,1557123,0,CTN,12,2243.9967,2400,,,,
2314,,DARK SOY SAUCE 500ML,PCS,165,250,0,1557314,0,CTN,12,1980,2200,,,,
2627,,DARK SOY SAUSE 150ML,PCS,105.263125,150,0,1557627,0,CTN,48,5052.63,5100,,,,
2078,,DARK&LOVELY *12,PCS,15.333333333333334,16.666666666666668,0,1557078,0,OUT,30,460,500,CTN,12,5520,5800
2167,,DARKSOY SAUCE 24*620ML,PCS,228,250,0,1557167,0,CTN,24,5472,5600,,,,
2417,,DELICIOUS MILK 500G,PCS,15,16,0,1557417,0,CTN,30,450,480,CTN,20,9000,9600
2241,,DELICISH MILK 200G,PCS,15,16,0,1557241,0,CTN,30,450,480,CTN,20,9000,9600
1291,,DELIGHT BABY NO 2,PCS,13.333333333333334,15,0,1556291,0,OUT,30,400,450,BAL,6,2400,3500
1290,,DELIGHT BABY NO 3,PCS,18.333333333333332,20,0,1556290,0,OUT,30,550,600,BAL,6,3300,3500
1289,,DELIGHT BABY NO 4,PCS,18.333333333333332,20,0,1556289,0,OUT,30,550,600,BAL,6,3300,3500
2082,,DELMONTE 12*1LTR,PCS,70,71.66666666666667,0,1557082,0,CTN,30,2100,2150,CTN,20,42000,43000
1654,,DENGU 40* 500G,PCS,86.5,100,0,1556654,0,BAG,40,3460,3600,,,,
1641,,DENGU24*1KG,KG,173,200,0,1556641,0,BAG,24,4152,4600,,,,
1744,,DETOL 500ML,PCS,300,400,0,1556744,0,,,,,,,,
1743,,DETOL 50ML,PCS,67.7083333333333,100,0,1556743,0,DOZ,12,812.5,900,CTN,8,6500,7500
1920,,DETOL SOAP 90G,PCS,74.9872790110624,100,0,1556920,0,OUT,6,449.923674066374,500,CTN,12,5399.08408879649,5850
2447,,DETTOL 175G*48,PCS,156,167.5,0,1557447,0,EA,4,624,670,CTN,12,7488,7700
2547,,DETTOL ANTISEPTIC  1LIT,PCS,1400,1500,0,1557547,0,CTN,12,16800,17200,,,,
1620,,DHAGA YARE/KARAFU,TM,103.037079822108,150,0,1556620,0,RB,0.25,206.074159644217,250,HKG,2,412.148319288433,450
2445,,DHANJEERA 100G,EA,130,180,0,1557445,0,DOZ,12,1560,2160,,,,
333,,DIANA SOAP 125G,PCS,75,100,0,10000283,16,,,,,,,,
2047,,DIGIR SOMALI,TM,8.75,20,0,1557047,0,RB,0.25,17.5,30,HKG,2,35,50
335,,DISCOUNT,PCS,1,1,0,10001064,0,,,,,,,,
1731,,DISH WASH LIQUID 1L,EA,129.3103,170,0,1556731,16,,,,,,,,
2593,,DISH WASH SUNLIGHT 400ML,PCS,104.166666666667,108.333333333333,0,1557593,0,CTN,24,2500.00000000001,2600,,,,
1619,,DOGA SPAGETTI,PCS,45,50,0,1556619,0,KG,2,90,100,CTN,10,900,1000
2210,,DOLA UGALI12*2KG,PCS,95,120,0,1557210,0,CTN,12,1140,1190,,,,
2527,,"""DOUBLE ACTION T/BRUSH",PCS,0,0,0,1557527,0,,,,,,,,
1569,,DOVE SOAP,PCS,85,100,0,1556569,0,CTN,48,4080,4300,,,,
1797,,DOWNY  12*500ML,PCS,204.756916431925,220,0,1556797,0,CTN,12,2457.0829971831,2600,,,,
2136,,DOWNY 12*300ML,PCS,147.202775,200,0,1557136,0,CTN,12,1766.4333,1850,,,,
1798,,DOWNY 1LTR,PCS,350,400,0,1556798,0,CTN,9,3150,3250,,,,
2489,,DOWNY 880ML,EA,271.266666666667,500,0,1557489,0,CTN,12,3255.2,3300,,,,
1799,,DOWNY SATCHET 36*20ML,PCS,4.9129222222222335,6,0,1556799,0,DOZ,30,147.387666666667,180,CTN,3,442.163,500
1760,,DR HAKEM OIL,PCS,163.207547169811,220,0,1556760,0,,,,,,,,
1987,,DR PEDICAL L&M,PCS,21.666666666666668,25,0,1556987,0,OUT,30,650,750,CTN,20,13000,15000
2370,,DRIFT 300ML,PCS,8.333333333333334,9.333333333333334,0,1557370,0,CTN,30,250,280,CTN,20,5000,5600
828,,DRIFT WATER 5 LITER,PCS,9,10,0,1555828,0,CTN,30,270,300,CTN,20,5400,6000
1758,,DRIFT WATER 500ML,PCS,10.333333333333334,11.666666666666666,0,1556758,0,CTN,30,310,350,CTN,20,6200,7000
1578,,DRINK CHOC 2IN1 10* 20G,PCS,4.715247771836,5.666666666666667,0,1556578,0,DOZ,30,141.45743315508,170,CTN,10,1414.5743315508,1460
2127,,DRINK CHOCO 24*125G,PCS,120.9862,150,0,1557127,0,DOZ,12,1451.8344,1500,CTN,2,2903.6688,3000
1595,,DRINKING CHOC  12* 450G,PCS,387.083333333333,450,0,1556595,0,CTN,12,4645,5000,,,,
2004,,DRINKING CHOC 24* 225G,PCS,197.083333333333,240,0,1557004,0,CTN,24,4730,4820,,,,
2090,,EASY CLEAN  S\PRITE,PCS,2.3055533333333336,2.6666666666666665,0,1557090,0,OUT,30,69.1666,80,CTN,12,829.9992,950
338,,EASY CLEAN LIQUID,PCS,185.33333333,250,0,10001079,0,,,,,,,,
2089,,EASY CLEAN S/WOOL 15G,PCS,3.45,4,0,1557089,0,OUT,30,103.5,120,BAL,20,2070,2200
2223,,EBYAN 6 100G,PCS,13,15,0,1557223,0,OUT,30,390,450,CTN,6,2340,2500
1689,,ECLAIR 24*60PCS,PCS,4,6,0,1556689,0,OUT,30,120,180,CTN,24,2880,3200
1233,,ECLAIR TOFFEE,PCS,290,320,0,1556233,0,CTN,20,5800,6800,,,,
2641,,ECO CLEAN 1KG,PCS,215,280,0,1557641,0,CTN,12,2580,2680,,,,
1474,,ECO HARD 24CM,PCS,105,120,0,1556474,0,CTN,12,1260,1300,,,,
1473,,ECO SOFT 24CM,PCS,105,120,0,1556473,0,CTN,12,1260,1300,,,,
339,,ELBEBEK MAXI 30,PCS,500,600,0,10000215,0,CTN,4,2000,2100,,,,
341,,ELBEBEK MINI 40,PCS,500,600,0,10000217,0,CTN,4,2000,2100,,,,
1345,,ELIANTO 10LTR,PCS,2499.75,2600,0,1556345,0,,,,,,,,
1344,,ELIANTO 4*5LTR,PCS,1320.81,1370,0,1556344,0,CTN,4,5283.24,5300,,,,
1343,,ELIANTO 6*3LTR,PCS,830,880,0,1556343,0,CTN,6,4980,5200,,,,
345,,ELIANTO OIL 20 LTR,PCS,2350,2450,0,10001109,16,,,,,,,,
1456,,EMBE JUICE,PCS,19.333333333333332,23.333333333333332,0,1556456,0,CTN,30,580,700,CTN,20,11600,14000
1999,,ENERGY BISCUITS 36*100G,PCS,17.666666666666668,18.333333333333332,0,1556999,0,CTN,30,530,550,CTN,20,10600,11000
1675,,ENO,PCS,16.4,16.597222222222236,0,1556675,0,OUT,30,492,497.916666666667,CTN,24,11808,11950
1986,,ERAH LOTION,PCS,170,200,0,1556986,0,,,,,,,,
347,,ETHIOPIAOIL,PCS,120,150,0,10001029,16,CTN,24,2880,3000,,,,
1377,,EURO MILK 2.5KG,PCS,1750,2000,0,1556377,0,CTN,6,10500,11500,,,,
1771,,EURO STAR BULB,PCS,23,40,0,1770,0,OUT,10,230,350,CTN,10,2300,2500
2087,,EURO2 2.5KG,PCS,1333.33333333333,1400,0,1557087,0,CTN,6,7999.99999999998,8100,,,,
2480,,EVEREADY 6*2,EA,353,450,0,1557480,0,,,,,,,,
1803,,EVEREADY AA,PCS,8.682366666666667,9.333333333333334,0,1556803,0,OUT,30,260.471,280,CTN,5,1302.355,1350
1804,,EVEREADY AAA,PCS,8.683,9.333333333333334,0,1556804,0,OUT,30,260.49,280,CTN,6,1562.94,1620
1801,,EVEREADY D/S BLUE 12*2,PCS,7.8580000000000005,9.333333333333334,0,1556801,0,DOZ,30,235.74,280,CTN,2,471.48,550
1802,,EVEREADY D/S RED 12*2,PCS,13.68,16,0,1556802,0,DOZ,30,410.4,480,CTN,2,820.8,900
2695,,EVEREST BASMATI 25KG,KG,100,120,0,1557695,0,BAG,25,2500,2700,,,,
1821,,EVERFRESH DISHWASH  12*250G,PCS,71.7508333333333,100,0,1556821,0,CTN,12,861.01,950,,,,
1823,,EVERFRESH DISHWASH  6*750G,PCS,198.666666666667,300,0,1556823,0,CTN,6,1192,1750,,,,
1820,,EVERFRESH DISHWASH 12* 500G,PCS,115.497333333333,150,0,1556820,0,CTN,12,1385.968,1450,,,,
1824,,EVERFRESH SCOURING 24*500G,PCS,41.9995833333333,70,0,1556824,0,CTN,24,1007.99,1200,,,,
1825,,EVERFRESH SCOURING12*1KG,PCS,78.7491666666667,130,0,1556825,0,CTN,12,944.99,1200,,,,
1822,,EVERFRESH TOILET  750ML,PCS,134.999166666667,250,0,1556822,0,CTN,12,1619.99,1900,,,,
1895,,EX ATTA 12*2KG,KG,124.166666666667,140,0,1556895,0,BAL,12,1490,1550,,,,
2192,,EXCEL GLUCOSE 24*250G,PCS,80.127083333,100,0,1557192,0,CTN,24,1923.049999992,2050,,,,
2191,,EXCEL GLUCOSE 24*500G,PCS,128.67305555,150,0,1557191,0,CTN,24,3088.1533332,3200,,,,
1587,,EXE ALL PURPOSE 1KG,KG,58.3333333333333,65,0,1556587,0,BAG,24,1400,1500,,,,
1588,,EXE ALL PURPOSE 2KG,KG,121.55,130,0,1556588,0,BAG,12,1458.6,1520,,,,
1589,,EXE CHAPPATI 2KG,KG,122.486112013093,140,0,1556589,0,BAG,12,1469.83334415712,1550,,,,
1590,,EXE MANDAZI 2KG,KG,126.22163577453,135,0,1556590,0,BAG,12,1514.65962929436,1560,,,,
1591,,EXE SELF RAISING 2KG,KG,123.333333333333,140,0,1556591,0,BAG,12,1480,1580,,,,
1615,,EXE SELFRESIN 1KG,KG,63.9583333333333,75,0,1556615,0,CTN,24,1535,1600,,,,
1248,,EXECETIVE CHILI 5LITER,PCS,200,260,0,1556248,0,CTN,4,800,1000,,,,
1564,,EXECUTIVE CHILLI 24*240GMS,PCS,30,50,0,1556564,0,CTN,24,720,770,,,,
1246,,EXECUTIVE TOMTO 24* 400GRM,PCS,30,50,0,1556246,0,CTN,24,720,770,,,,
2139,,EXTRA HAZELNUT 6*135PCS,PCS,15,16,0,1557139,0,OUT,30,450,480,CTN,6,2700,3000
1406,,FA SOAP,PCS,7.777777777777767,8.055555555555566,0,1556406,0,OUT,30,233.333333333333,241.666666666667,CTN,12,2800,2850
2722,,FACE MASK,EA,150,200,0,1557722,0,,,,,,,,
1761,,FACE WASH,PCS,120,150,0,1556761,0,,,,,,,,
1439,,FAHAARI KENYA TEA 100GM,PCS,39.9352341357551,40.8,0,1556439,0,OUT,10,399.352341357551,410,CTN,10,3993.52341357551,4080
1440,,FAHAARI KENYA TEA 15GM,PCS,7.868686868686867,8.333333333333334,0,1556440,0,OUT,30,236.060606060606,250,CTN,8,1888.48484848485,2600
1441,,FAHAARI KENYA TEA 250GM,PCS,107.5,108.75,0,1556441,0,DOZ,4,430,460,CTN,10,4300,4350
1504,,FAHAARI KENYA TEA 50G,PCS,6.633333333333334,7,0,1556504,0,OUT,30,199,210,CTN,20,3980,4100
1507,,FAHARI KENYA TEA 500G,PCS,210.964285714286,212.5,0,1556507,0,CTN,20,4219.28571428572,4250,,,,
1807,,FAIR&LOVELY 50G,PCS,53.4716666666667,80,0,1556807,0,DOZ,12,641.66,730,,,,
352,,FAIZA OIL,PCS,200,250,0,10000751,0,CTN,12,2400,2600,,,,
2611,,FALCON 25 KG,KG,82.16,100,0,1557611,0,BAL,25,2054,2100,,,,
1829,,FALISO MAKAROONI,PCS,57.5,70,0,1556829,0,KG,2,115,140,CTN,10,1150,1300
1828,,FALISO SPAGETTI 500G,PCS,47.5,60,0,1556828,0,KG,2,95,120,CTN,10,950,1050
2605,,FAMA DENGU 1KG,KG,140,180,0,1557605,0,BAL,24,3360,3400,,,,
2606,,FAMADENGU 500G,KG,76.3636363636364,77.2727272727273,0,1557606,0,BAL,44,3360,3400,,,,
1742,,FAMILA PURE WIMBI 20*1KG,KG,117.5,130,0,1556742,0,BAG,20,2350,2500,,,,
354,,FAMILA PURE WIMBI 500G,PCS,39.666666666666664,41.666666666666664,0,10000792,0,BAG,30,1190,1250,CTN,20,23800,25000
1616,,FAMILY CHOICE 2KG,KG,91.6666666666667,120,0,1556616,0,BAG,12,1100,1200,,,,
1738,,FAMILY DOOM,PCS,131.25,139.583333333333,0,1556738,0,CTN,24,3150,3250,,,,
2431,,FAMILY RICE 25KG,KG,136,180,0,1557431,0,BAG,25,3400,3500,,,,
1244,,FANAANA OMO 3.5KG,EA,550,650,0,1556244,0,,,,,,,,
1250,,FANAANA SAOP 25*800G,PCS,96,110,0,1556250,0,CTN,25,2400,2600,,,,
1965,,FANAANA SOAP 12*800,PCS,38.666666666666664,43.333333333333336,0,1556965,0,CTN,30,1160,1300,CTN,20,23200,26000
1716,,FANAR RICE 5KG,PCS,875,950,0,1556716,0,BAG,4,3500,3700,,,,
359,,FARAGELLO CHICKEN PLASTIC,PCS,275,330,0,10001098,0,CTN,12,3300,3400,,,,
360,,FARAGELLO CHICKEN STOCK,PCS,123.33333333333333,133.33333333333334,0,10000876,0,CTN,30,3700,4000,CTN,20,74000,80000
1209,,FARAGELLO CHICKEN STOCK,PCS,154.1,190,0,1556209,0,,,,,,,,
2532,,Faragello Honey 30Gm,PCS,40,46.666666666666664,0,1557532,0,CTN,30,1200,1400,CTN,20,24000,28000
361,,FARAGELLO JIUCE MANGO,PCS,22.666666666666668,25,0,10001119,0,CTN,30,680,750,CTN,20,13600,15000
274,,FARAGELO CAKE,PCS,158.333332323232,200,0,10000231,16,CTN,12,1899.99998787879,2000,,,,
741,,FARAGELO SATCHET 50G,PCS,8.323327030919367,9,0,10000251,0,OUT,30,249.699810927581,270,CTN,4,998.799243710324,1050
1318,,FASCLEAN 500 GRM,PCS,68.75,100,0,1556318,0,BAG,24,1650,1800,,,,
1528,,FASCLEAN 50G,PCS,3.1666666666666665,3.6666666666666665,0,1556528,0,DOZ,30,95,110,CTN,10,950,1000
1242,,FASCLEAN 5KG,PCS,675,750,0,1556242,0,BAG,2,1350,1450,,,,
1243,,FASCLEAN1KG,PCS,155,200,0,1556243,0,CTN,10,1550,1700,,,,
1398,,FAZAM BIRYAANI RICE 25KG,KG,81.2,100,0,1556398,0,BAG,25,2030,2100,,,,
1294,,FIESTA NO 2,PCS,16.666666666666668,16.666666666666668,0,1556294,0,OUT,30,500,500,BAL,5,2500,3000
1293,,FIESTA NO 3,PCS,16.666666666666668,16.666666666666668,0,1556293,0,OUT,30,500,500,BAL,5,2500,3000
1292,,"""FIESTA NO 4",PCS,0,0,0,1556292,0,PCS,1,0,0,,,,
1295,,FIESTA NO 5,PCS,16.666666666666668,16.666666666666668,0,1556295,0,OUT,30,500,500,BAL,5,2500,3000
366,,FILFIL/PILI MANGA,TM,68.75,120,0,10000742,0,RB,0.25,137.5,200,HKG,2,275,350
2354,,FINE CLEAN 5KG,PCS,635,750,0,1557354,0,BAL,2,1270,1300,,,,
2341,,FINEST BIRIYANI 25 KG,KG,70,90,0,1557341,0,BAG,25,1750,1950,,,,
367,,FIORA SP,KG,100,120,0,10001051,0,CTN,10,1000,1100,,,,
2394,,FIRST CUP TEA 250G*48PC,PCS,80,100,0,1557394,0,CTN,48,3840,4000,,,,
2393,,FIRST CUP TEA 500G*48,PCS,160,180,0,1557393,0,CTN,48,7680,7900,,,,
2400,,FIRST TOMATO 400G,PCS,58.3333333333333,70,0,1557400,0,CTN,24,1400,1500,,,,
1397,,FIVE SATR RICE,KG,64,70,0,1556397,0,BAG,25,1600,1750,,,,
2009,,FLASH MIXURE*12,PCS,17.066666666666666,19.333333333333332,0,1557009,0,OUT,30,512,580,CTN,12,6144,6250
1907,,FLOWER SLICE,PCS,15.277777777777766,16.666666666666668,0,1556907,0,OUT,30,458.333333333333,500,CTN,12,5500,5700
1396,,FOOD CLOUR,PCS,80,90,0,1556396,0,,,,,,,,
1931,,FOODICO JUICE,PCS,18.666666666666668,21.666666666666668,0,1556931,0,CTN,30,560,650,CTN,20,11200,13000
2495,,FOSS BLUE3.5,EA,650,680,0,1557495,0,,,,,,,,
2496,,FOSS WHITE3.5,EA,650,680,0,1557496,0,,,,,,,,
1446,,FOSTAR CLARK 2.5KG,PCS,700,800,0,1556446,0,CTN,6,4200,4800,,,,
373,,FOSTER CLARKS 10*30G,PCS,125,200,0,10000673,0,CTN,10,1250,1300,,,,
2720,,FRESCO KETCHUP4*5KG,PCS,750,800,0,1557720,0,CTN,4,3000,3100,,,,
1267,,FRESH 900G,PCS,625,700,0,1556267,0,CTN,12,7500,8000,,,,
1826,,FRESH FRY 10LTR,PCS,45,46.666666666666664,0,1556826,0,JRC,30,1350,1400,CTN,20,27000,28000
1624,,FRESH FRY 3LTR,PCS,480,550,0,1556624,0,CTN,6,2880,3000,,,,
1623,,FRESH FRY 5LTR,PCS,733.5,850,0,1556623,0,CTN,4,2934,3100,,,,
2343,,FRESH FRY 6*2L,PCS,291,350,0,1557343,0,CTN,6,1746,1850,,,,
2054,,FRESH GUM 12*50PCS,PCS,5.6388888888889,6,0,1557054,0,OUT,30,169.166666666667,180,CTN,12,2030,2100
2105,,FRESH GUM 36*50PCS,PCS,5.231481481481467,5.666666666666667,0,1557105,0,OUT,30,156.944444444444,170,CTN,36,5649.99999999998,5750
375,,FRESH MILK 2.5 KGS,PCS,2166.66666666667,2800,0,10000860,0,CTN,6,13000,13200,,,,
2501,,Freshtake sugar (1*20),KG,95,120,0,1557501,0,BAL,20,1900,2100,,,,
2502,,Freshtake sugar (2*10),KG,190,220,0,1557502,0,BAL,10,1900,2100,,,,
1966,,FRUIT DROPS *75,PCS,41.2,70,0,1556966,0,,,,,,,,
1155,,FRUTELLA CAKE 12*12PCS,PCS,4.166666666666667,5,0,1556155,0,OUT,30,125,150,CTN,12,1500,1600
2080,,FRUTTELA CAKE 6*24PCS,PCS,8.333333333333334,9,0,1557080,0,OUT,30,250,270,CTN,6,1500,1600
2659,,FURATRICE 25KG,KG,112,130,0,1557659,0,BAL,25,2800,2900,,,,
2352,,FZAMI BIRANI,PCS,2020,2050,0,1557352,0,KG,1,2020,90,,,,
379,,G OIL 500L,PCS,200,250,0,10000956,16,CTN,12,2400,2500,,,,
2413,,GARAM MASALA,PCS,130,150,0,1557413,0,DOZ,12,1560,1800,,,,
1889,,GARAM MASALA 50G,PCS,63.62,100,0,1556889,0,DOZ,12,763.44,1200,,,,
2131,,GARLIC POWDER 100G,PCS,120,150,0,1557131,0,DOZ,12,1440,1600,,,,
2348,,GE OIL 12*500ML,PCS,200,250,0,1557348,0,CTN,12,2400,2600,,,,
2347,,GE OIL*24* 250ML,PCS,100,150,0,1557347,0,CTN,24,2400,2600,,,,
2678,,GEISHA BUY 2 GET 1 FREE,PCS,5,6.666666666666667,0,1557678,0,OUT,30,150,200,CTN,8,1200,1300
1558,,GEISHA SOAP 24*225G,PCS,74.1644444832922,80,0,1556558,0,DOZ,12,889.973333799506,920,CTN,2,1779.94666759901,1850
1559,,GEISHA SOAP 36*125G,PCS,38.8888888888889,50,0,1556559,0,DOZ,12,466.666666666667,540,CTN,3,1400,1650
1467,,GENTAL JOY SERVIETTES,PCS,47.2222274585249,70,0,1556467,0,CTN,18,850.000094253448,950,,,,
1549,,GENTAL TISHU JUMBO ROLL,PCS,2.0833333333333335,2.6666666666666665,0,1556549,0,OUT,30,62.5,80,BAL,12,750,800
1408,,GENTAL WHITE TISHU TOIEL,PCS,142.499595195116,200,0,1556408,0,BAL,4,569.998380780464,650,,,,
846,,GENTO DISINFECTANT 3LT,EA,365,450,0,1555846,0,,,,,,,,
1730,,GENTO HAND WASH,EA,260,300,0,1556730,0,,,,,,,,
2199,,GENTO TOILET 12*750ML,PCS,250,300,0,1557199,0,CTN,12,3000,3100,,,,
2452,,GIGGLES NO 4,PCS,850,900,0,1557452,0,BAL,4,3400,3600,,,,
2451,,GIGGLES NO 5,PCS,850,900,0,1557451,0,BAL,4,3400,3600,,,,
2449,,GIGGLES NO2,PCS,850,900,0,1557449,0,BAL,4,3400,3600,,,,
2450,,GIGGLES NO3,PCS,850,900,0,1557450,0,BAL,4,3400,3600,,,,
2135,,GILLETTE 1,PCS,16.212638889,18.333333333333332,0,1557135,0,DOZ,30,486.37916667,550,CTN,20,9727.5833334,11000
2134,,GILLETTE 2,PCS,7.1625,9.333333333333334,0,1557134,0,DOZ,30,214.875,280,CTN,20,4297.5,5600
1887,,GINGER 50G,PCS,45.775,100,0,1556887,0,DOZ,12,549.3,1200,,,,
1325,,GINGER BUISCIT 30G,PCS,7.666666666666667,8.333333333333334,0,1556325,0,CTN,30,230,250,CTN,20,4600,5000
2325,,GINGERNUT BISCUIT 60*30G,PCS,7.666666666666667,8.333333333333334,0,1557325,0,CTN,30,230,250,CTN,20,4600,5000
2492,,glacer lemon 500ml,EA,450,480,0,1557492,0,,,,,,,,
1055,,GLACIER  WATER 1 LITER,EA,300,320,0,1556055,0,,,,,,,,
781,,GLACIER WATER  5LTR,PCS,10,10.666666666666666,0,10000388,0,CTN,30,300,320,CTN,20,6000,6400
1061,,"""GLACIER WATER 1.5",PCS,0,0,0,1556061,0,,,,,,,,
1358,,GLACIER WATER 300ML,PCS,6.666666666666667,7.333333333333333,0,1556358,0,CTN,30,200,220,CTN,20,4000,4400
1778,,GLACIER WATER 500ML,PCS,10.666666666666666,11.333333333333334,0,1556778,0,CTN,30,320,340,CTN,20,6400,6800
2559,,"""GLOW SOAP 800G",PCS,0,0,0,1557559,0,PCS,1,0,0,,,,
1632,,"""GLUCOSE 6* 50G",PCS,0,0,0,1556632,0,PCS,1,0,0,,,,
2572,,GLUCOSE BISCUIT BUCKET,EA,230,250,0,1557572,0,,,,,,,,
1877,,GLYSOLD BIG/SIZE,PCS,250,280,0,1556877,0,CTN,36,9000,9500,,,,
2021,,GLYSOLD MAJI,PCS,32,50,0,1557021,0,OUT,6,192,230,,,,
384,,GLYSOLID M/S,PCS,150,200,0,10000330,0,,,,,,,,
383,,GLYSOLID S/SIZE,PCS,157.894736842105,180,0,10000329,0,,,,,,,,
2144,,GOLD LINGUNI 500G,PCS,55,75,0,1557144,0,KG,2,110,130,CTN,10,1100,1200
2145,,GOLD MAKARONI,PCS,62.5,65,0,1557145,0,KG,2,125,135,CTN,10,1250,1350
1384,,GOLDEN 10 LTR,PCS,1311.75,1450,0,1556384,0,,,,,,,,
1174,,"""GOLDEN 3.5",PCS,0,0,0,1556174,0,,,,,,,,
1465,,GOLDEN 3LTR,PCS,498.3,550,0,1556465,0,CTN,6,2989.8,3150,,,,
1247,,GOLDEN BLUE 10KG,PCS,25,28.333333333333332,0,1556247,0,BAG,30,750,850,CTN,20,15000,17000
1580,,GOLDEN LION 24*12*1.5V,PCS,6.319444444444433,7,0,1556580,0,OUT,30,189.583333333333,210,CTN,24,4549.99999999999,4650
1342,,GOLDEN OIL 1LTR,PCS,182.325,200,0,1556342,0,CTN,12,2187.9,2300,,,,
1736,,GOLDEN OIL 20LTR,PCS,86.625,93.33333333333333,0,1556736,0,JRC,30,2598.75,2800,CTN,20,51975,56000
1347,,GOLDEN OIL 500ML,PCS,101.475,120,0,1556347,0,CTN,12,1217.7,1400,,,,
1348,,GOLDEN OIL 5LTR,PCS,712.5,800,0,1556348,0,CTN,4,2850,3000,,,,
2733,,GOLDEN RICE 25KG,KG,104.4,116,0,1557733,0,BAL,25,2610,2900,,,,
1585,,GOMBA BUBBLE GUM,PCS,66,69.5,0,1556585,0,CTN,20,1320,1390,,,,
1952,,GOVY LOVE CAKE 12*12,PCS,5,6,0,1556952,0,OUT,30,150,180,CTN,12,1800,1950
2444,,GRAM MASALA 100G,EA,130,180,0,1557444,0,DOZ,12,1560,2160,,,,
2640,,GREEN CLEAN 750ML,PCS,169,179.166666666667,0,1557640,0,CTN,12,2028,2150,,,,
2737,,HAD RICE,KG,86,100,0,1557737,0,BAL,25,2150,2250,,,,
2540,,HAMDA RICE 25KG,KG,112,125,0,1557540,0,BAL,25,2800,2900,,,,
1777,,HAMZA RICE,KG,119.2,130,0,1556777,0,BAG,25,2980,3050,,,,
2483,,HANAN FOIL 90M,EA,923.74,1000,0,1557483,0,,,,,,,,
1598,,HANAN POCKET TISSUE,PCS,3.6333333333333333,4,0,1556598,0,OUT,30,109,120,CTN,10,1090,1200
1385,,HANAN TISHU TOILET,PCS,250,300,0,1556385,0,BAL,4,1000,1080,,,,
1848,,HANAN WIPES,PCS,139,170,0,1556848,0,CTN,24,3336,3800,,,,
402,,HAND WASH,PCS,100,150,0,10000787,0,CTN,12,1200,1400,,,,
1733,,HANNY MILK 2.5KG,PCS,1466.66666666667,1550,0,1556733,0,CTN,6,8800,9100,,,,
1780,,HAPPIX DIAPERS NO 3,PCS,27.666666666666668,30,0,1556780,0,OUT,30,830,900,BAL,4,3320,3450
1779,,HAPPIX DIAPERS NO 4,PCS,27.666666666666668,30,0,1556779,0,OUT,30,830,900,BAL,4,3320,3450
1781,,HAPPIX DIAPERS NO 5,PCS,27.666666666666668,30,0,1556781,0,OUT,30,830,900,BAL,4,3320,3450
2185,,HAPPY /PRAVO,PCS,165,175,0,1557185,0,CTN,12,1980,2050,,,,
1936,,HAPPY HAPPY BUISCT,PCS,7.46,8.333333333333334,0,1556936,0,CTN,30,223.8,250,CTN,20,4476,5000
1110,,HARAKA RICE  25KG,KG,75.2,90,0,1556110,0,BAG,25,1880,2000,,,,
2311,,HARETT 500G,PCS,6,7.333333333333333,0,1557311,0,CTN,30,180,220,CTN,20,3600,4400
404,,HARPIC 12*1 LITER,PCS,300,316.666666666667,0,10001020,0,CTN,12,3600,3800,,,,
403,,HARPIC 24*500ML,PCS,150,180,0,10001068,0,CTN,24,3600,3800,,,,
2402,,HAVEN JUMBO TISSUE,PCS,1.8055555555555567,2.3333333333333335,0,1557402,0,OUT,30,54.1666666666667,70,BAL,12,650,680
410,,HAYAT MILK 900G,PCS,633.333333333333,750,0,10000176,0,CTN,12,7600,7700,,,,
1714,,HAYAT MILK2.5KG,PCS,1575,1650,0,1556714,0,CTN,6,9450,9550,,,,
1763,,HEAD&SHOULDER SHAMPOO,PCS,360,400,0,1556763,0,,,,,,,,
2437,,HEALTHY TOOTH PEST,PCS,32.0833333333333,100,0,1557437,0,CTN,72,2310,2450,,,,
1909,,HEART ROSE,PCS,7.5,8.333333333333334,0,1556909,0,OUT,30,225,250,CTN,24,5400,5500
1916,,HEDEX,PCS,11.666666666666666,13.333333333333334,0,1556916,0,OUT,30,350,400,CTN,20,7000,8000
1609,,HELIKI GREEN,TM,223.958332489428,280,0,1556609,0,RB,0.25,447.916664978855,500,HKG,2,895.83332995771,950
2151,,HELIKI WHITE,TM,166.25,250,0,1557151,0,RB,0.25,332.5,450,HKG,2,665,900
412,,HEYL CADAAN,TM,70,150,0,10000530,16,RB,0.25,140,300,HKG,2,280,450
2477,,HIBA OIL 5LIT,EA,900,1000,0,1557477,0,CTN,4,3600,3800,,,,
1914,,HIGHLAND JUICE 12*1LTR,PCS,118.999950974026,150,0,1556914,0,CTN,12,1427.99941168831,1500,,,,
1670,,HIGHLAND JUICE 4*5LTR,PCS,506.75,550,0,1556670,0,CTN,4,2027,2100,,,,
1669,,HIGHLAND JUICE 6*3LTR,PCS,323.833333333333,380,0,1556669,0,CTN,6,1943,2050,,,,
2664,,HIGHLAND MILK BOX 500ML,PCS,17,18.333333333333332,0,1557664,0,CTN,30,510,550,CTN,20,10200,11000
1668,,HIGHLANDS JUICE 6*2LTR,PCS,238.666672459639,280,0,1556668,0,CTN,6,1432.00003475783,1500,,,,
1395,,HIGMA BASMATI,KG,116,125,0,1556395,0,BAG,25,2900,3000,,,,
414,,HIKMA OIL 20 LTR,PCS,2150,2250,0,10001061,0,,,,,,,,
415,,HILAL 2.5KG,PCS,1566.66666666667,1600,0,10000786,0,CTN,6,9400,9500,,,,
416,,HILAL MILK 900G,PCS,616.666666666667,700,0,10000175,0,ctn,12,7400,7500,,,,
2044,,HILAL MOTO 40*227G,PCS,1.3333333333333333,2.3333333333333335,0,1557044,0,OUT,30,40,70,CTN,40,1600,3000
2324,,HILAL RICE 25KG,KG,160,180,0,1557324,0,BAG,25,4000,4500,,,,
2323,,HILAL RICE 8* 5KG,KG,775,850,0,1557323,0,BAL,8,6200,6900,,,,
1201,,hilwa 400 grm,PCS,250,260,0,1556201,0,CTN,30,7500,7800,CTN,20,150000,156000
1202,,hilwa 400grm,PCS,312.5,330,0,1556202,0,,,,,,,,
1206,,HILWA CHICKEN,PCS,144.273614367045,190,0,1556206,0,CTN,24,3462.56674480908,3550,,,,
1258,,HILWA FISH 48*95G,PCS,83.3333333333333,87.5,0,1556258,0,DOZ,12,1000,1050,CTN,4,4000,4200
938,,HILWA LINGUINE,PCS,0,7.2962962962963,0,1555938,16,DOZ,30,0,218.888888888889,CTN,36,0,7880
2373,,HILWA LINGUINE 20*500G,PCS,47.5,55,0,1557373,0,KG,2,95,110,CTN,10,950,1100
1249,,HILWA MAKAROONI,PCS,60,61,0,1556249,0,KG,2,120,130,CTN,10,1200,1300
1459,,HILWA MILK 2.5KG,PCS,1700,1900,0,1556459,0,CTN,6,10200,11600,,,,
1266,,HILWA MILK 900G,PCS,650,700,0,1556266,0,CTN,12,7800,8200,,,,
421,,HILWA OATS 12* 1KG,PCS,220.714284132019,225,0,10000269,0,CTN,12,2648.57140958423,2700,,,,
1658,,HILWA OIL 20LTR,PCS,79.33333333333333,81.66666666666667,0,1556658,0,JRC,30,2380,2450,CTN,20,47600,49000
425,,"HILWA SP,G 20*500G",PCS,50,60,0,10000407,0,KG,2,100,110,CTN,10,1000,1100
1741,,HILWA SUNFLOWER 3LTR,PCS,666.6,750,0,1556741,0,,,,,,,,
666,,"""HILWA SUNFLOWER OIL 5LITER",PCS,0,0,0,10000562,0,,,,,,,,
2706,,HILWA TUNA 48*185,PCS,125,140,0,1557706,0,DOZ,12,1500,1550,CTN,4,6000,6100
426,,HITTZ DOOM,PCS,120,180,0,10000858,0,CTN,48,5760,5850,,,,
2094,,HITZZ 48*CTN,PCS,114.58333,150,0,1557094,0,CTN,48,5499.99984,5700,,,,
2229,,HOLA*500ml,PCS,14.5,16.666666666666668,0,1557229,0,CTN,30,435,500,CTN,20,8700,10000
1437,,HOME VIMTO,PCS,220,250,0,1556437,0,CTN,12,2640,2800,,,,
2557,,HONEY 300 ML,PCS,300,350,0,1557557,0,CTN,24,7200,7300,,,,
1995,,HONEY 400G,PCS,210,250,0,1556995,0,,,,,,,,
1994,,HONEY 500G,PCS,215.51,240,0,1556994,0,,,,,,,,
2322,,Honey Jar VGG 1Kg,EA,450,550,0,1557322,0,,,,,,,,
2321,,Honey Jar VGG 500GM2,EA,240,300,0,1557321,0,,,,,,,,
2555,,HONEY SOMALI 1KG,PCS,1000,1100,0,1557555,0,CTN,12,12000,12200,,,,
2556,,HONEY SOMALI 500G,PCS,500,550,0,1557556,0,CTN,24,12000,13000,,,,
2041,,HONEY VIRGINIA 6*1KG,PCS,400,450,0,1557041,0,CTN,6,2400,2550,,,,
429,,HOSTESS 2kg,KG,126.666666666667,140,0,10000753,0,BAG,12,1520,1600,,,,
2604,,HOT CHIIL,PCS,100,150,0,1557604,0,DOZ,12,1200,1400,,,,
431,,HUDA MILK 2.5KG,PCS,1383.33333333333,1450,0,10000167,0,CTN,6,8299.99999999998,8400,,,,
1748,,HUGGIES NO 2,PCS,1464.56,1550,0,1556748,0,CTN,2,2929.12,3000,,,,
1747,,HUGGIES NO 3,PCS,1464.56,1550,0,1556747,0,CTN,2,2929.12,3000,,,,
1746,,HUGGIES NO 4,PCS,1464.56,1550,0,1556746,0,CTN,2,2929.12,3000,,,,
919,,HUGGIES NO 5,PCS,1464.56,1550,0,1555919,0,CTN,2,2929.12,3000,,,,
2363,,HUNNY BUNNY*3,PCS,700,750,0,1557363,0,BAL,3,2100,2200,,,,
774,,HUSNI VIMTO,PCS,220,250,0,10000218,0,CTN,12,2640,2800,,,,
1996,,ICING SUGAR 500G,PCS,115,150,0,1556996,0,,,,,,,,
1235,,IDP BLUE 10KG,PCS,30,31.666666666666668,0,1556235,0,BAG,30,900,950,CTN,20,18000,19000
1236,,IDP WHITE10KG,PCS,30,31.666666666666668,0,1556236,0,BAG,30,900,950,CTN,20,18000,19000
2674,,ILEYS BLEACG 4*5L,PCS,187.5,250,0,1557674,0,CTN,4,750,850,,,,
2675,,ILEYS BLEACH 12*1LT,PCS,75,150,0,1557675,0,CTN,12,900,1000,,,,
2677,,ILEYS HAND WASH24*500ML,PCS,100,150,0,1557677,0,CTN,24,2400,2500,,,,
2676,,ILEYS SHAMPOO4*5L,PCS,200,250,0,1557676,0,CTN,4,800,1000,,,,
438,,ILHAN RICE,PCS,100,103.33333333333333,0,10000889,0,BAG,30,3000,3100,CTN,20,60000,62000
2623,,"""IMARA TOMATO SOUCE 5LTRS",PCS,0,0,0,1557623,0,PCS,1,0,0,,,,
2049,,IMPERIAL LEATHER 6*175G,PCS,65.2777777777778,100,0,1557049,0,DOZ,12,783.333333333333,1000,CTN,6,4700,5000
2602,,INDOMEI 5IN 1,EA,600,650,0,1557602,0,,,,,,,,
1414,,INDOMIE 20* 120GMS,PCS,15.833333333333334,16.666666666666668,0,1556414,0,CTN,30,475,500,CTN,20,9500,10000
2637,,INSHAR TEA 250G,PCS,45,100,0,1557637,0,CTN,40,1800,2000,,,,
2638,,INSHAR TEA 500G,PCS,90,180,0,1557638,0,CTN,20,1800,2000,,,,
2007,,INTERVALO SPAGRTTI,PCS,45,50,0,1557007,0,,,,,,,,
439,,IRIS SOAP,PCS,80,100,0,10000724,0,CTN,48,3840,4000,,,,
440,,ISHRAAQ RICE,KG,112,140,0,10000874,0,BAG,25,2800,2900,,,,
441,,ISTAKIIN,PCS,15,20,0,10001044,0,,,,,,,,
1853,,IVORI BUTTER MILK,PCS,2.71428572371523,3,0,1556853,0,OUT,30,81.4285717114569,90,CTN,35,2850.00000990099,3000
1374,,JAMAA 12*800G,PCS,112.5,120,0,1556374,0,CTN,12,1350,1400,,,,
1375,,JAMAA 25*800G,PCS,112,120,0,1556375,0,CTN,25,2800,2870,,,,
1664,,JAMAA HOTEL SOAP,PCS,22,23.333333333333332,0,1556664,0,CTN,30,660,700,CTN,20,13200,14000
449,,JAWAAN [SMALL],PCS,12,13,0,10000790,0,,,,,,,,
2456,,JIBAMBE200ML*27,EA,418,500,0,1557456,0,,,,,,,,
1617,,JIIRA,TM,50,70,0,1556617,0,RB,0.25,100,130,HKG,2,200,250
1490,,JIK BLEACH REGULAR 18* 750ML,PCS,105.55555555537,150,0,1556490,0,CTN,18,1899.99999999666,2500,,,,
1489,,JIK BLEACH REGULAR 250ML,PCS,72.2222219724053,90,0,1556489,0,CTN,18,1299.9999955033,1600,,,,
1488,,JIK BLEACH REGULAR 70ML,PCS,6.666666666666667,8.333333333333334,0,1556488,0,DOZ,30,200,250,CTN,12,2400,3000
1961,,JIK COLOUR 2.5LTR,PCS,450,480,0,1556961,0,CTN,6,2700,2900,,,,
1960,,JIK COLOUR 5LTR,PCS,700,950,0,1556960,0,CTN,4,2800,3500,,,,
1963,,JIK COLOUR 70ML,PCS,8.888888888888902,13.333333333333334,0,1556963,0,OUT,30,266.666666666667,400,CTN,12,3200,3800
1491,,JIK COLOURS 750ML,PCS,220,300,0,1556491,0,CTN,18,3960,3750,,,,
1784,,JIK REGULA 2.25LTR,PCS,316.666666666667,350,0,1556784,0,CTN,6,1900,2600,,,,
1818,,JIK REGULAR 1.5LTR,PCS,237.5,312.5,0,1556818,0,CTN,8,1900,2500,,,,
1783,,JIK REGULAR 5LTR,PCS,395.967741935484,850,0,1556783,0,CTN,4,1583.87096774194,2500,,,,
2714,,JUICE COLA,PCS,379.166666666667,350,0,1557714,0,CTN,12,4550,5000,,,,
2726,,JUICY COLA,PCS,230,250,0,1557726,0,BAL,6,1380,1450,,,,
2040,,JUICY FRUIT 24*30*10PELLETS,PCS,13,13.333333333333334,0,1557040,0,OUT,30,390,400,CTN,24,9360,9500
1484,,JUICY FRUIT BUBBLE 16*50,PCS,166.875,185,0,1556484,0,CTN,16,2670,2700,,,,
2679,,JUICY FRUIT36*50,PCS,217.777777777778,230,0,1557679,0,CTN,36,7840.00000000001,8950,,,,
2367,,JUMBO BIRYANI,KG,86,100,0,1557367,0,BAG,25,2150,2250,,,,
2621,,JUMBO CHICKENSTOCK 24*48,PCS,179.166666666667,190,0,1557621,0,CTN,24,4300.00000000001,4500,,,,
1070,,JUNIOR JUICE,PCS,14,15.666666666666666,0,1556070,0,CTN,30,420,470,CTN,20,8400,9400
2646,,KAAFI JUICY 2.5KG,PCS,625,641.666666666667,0,1557646,0,CTN,6,3750,3850,,,,
2515,,KAAFIYEH JUMBO,PCS,125,160,0,1557515,0,CTN,24,3000,3200,,,,
2051,,KAAMIL RICE25KG,KG,116,125,0,1557051,0,BAG,25,2900,3000,,,,
1857,,KAHAWA BANADIR,PCS,3.3333333333333335,4.333333333333333,0,1556857,0,OUT,30,100,130,CTN,52,5200,5500
1745,,KAHAWA MAMBO 250G,PCS,4.166666666666667,6,0,1556745,0,OUT,30,125,180,CTN,20,2500,3600
849,,KAHAWA NO 1,EA,220,230,0,1555849,0,,,,,,,,
2109,,KALUMA BALM 12*9ML,PCS,9.166666666666666,9.666666666666666,0,1557109,0,OUT,30,275,290,CTN,12,3300,3400
2034,,KALUMA TAPLETT,PCS,8.333333333333334,9.333333333333334,0,1557034,0,OUT,30,250,280,CTN,20,5000,5600
2725,,KAMAL RICE 25KG,KG,104.4,120,0,1557725,0,BAL,25,2610,2710,,,,
2700,,KANZ LONG GRAIN 10*4KG,KG,1300,1400,0,1557700,0,BAG,4,5200,5300,,,,
1303,,KANZ MAYONAISE 473ML,PCS,175,190,0,1556303,0,CTN,12,2100,2200,,,,
1302,,KANZ MAYONAISE 946ml,PCS,216.666666666667,250,0,1556302,0,CTN,12,2600,2700,,,,
1713,,KANZ MILK 2.5KG,PCS,1550,1600,0,1556713,0,CTN,6,9300,9500,,,,
1715,,KANZ MILK 900G,PCS,616.666666666667,700,0,1556715,0,CTN,12,7400,7600,,,,
1575,,KANZ OIL 12* 1LTR,PCS,325,350,0,1556575,0,CTN,12,3900,4000,,,,
1573,,KANZ OIL 24* 400ML,PCS,150,200,0,1556573,0,CTN,24,3600,3700,,,,
1574,,KANZ OIL 24* 680ML,PCS,208.333333333333,270,0,1556574,0,CTN,12,2500,2700,,,,
2699,,KANZ RICE LONG GRAIN 25KG,KG,120,140,0,1557699,0,BAL,25,3000,3100,,,,
1948,,KANZ VIMTO,PCS,220,250,0,1556948,0,CTN,12,2640,2800,,,,
2703,,KANZY JUICE 2.5KG,PCS,650,700,0,1557703,0,CTN,4,2600,2700,,,,
2702,,KANZY JUICE 900G,PCS,266.666667231638,300,0,1557702,0,CTN,12,3200.00000677966,3300,,,,
2701,,KANZY LONG GRAIN RICE 8*5KG,KG,650,750,0,1557701,0,BAL,8,5200,5300,,,,
2422,,kapkek,EA,400,450,0,1557422,0,CTN,6,2400,3820,,,,
472,,KARAM RICE 5 KG,PCS,830,880,0,10000414,0,CTN,5,4150,4300,,,,
2692,,KARAMA RICE25KG,PCS,2700,2800,0,1557692,0,KG,1,2700,120,,,,
2294,,KASHMIRI SHAMPOO 1 LT,PCS,190,220,0,1557294,0,CTN,12,2280,2450,,,,
2100,,KASUKU 24*250G,PCS,50.8125,60,0,1557100,0,CTN,24,1219.5,1280,,,,
2101,,KASUKU 24*500G,PCS,91.5,120,0,1557101,0,CTN,24,2196,2280,,,,
2099,,KASUKU 48*100G,PCS,21,30,0,1557099,0,DOZ,12,252,280,CTN,4,1008,1050
2747,,KASUKU RICE 25KG,KG,76,100,0,1557747,0,BAL,25,1900,2000,,,,
1858,,KATKAT BUISCIT 12*24G,PCS,5.055555555555567,6.666666666666667,0,1556858,0,OUT,30,151.666666666667,200,CTN,12,1820,2000
661,,KAYSALT20* 1KG,KG,20,40,0,10000622,0,CTN,20,400,530,,,,
662,,KAYSALT30* 200 GR,PCS,6.833333333333333,7.666666666666667,0,10000964,0,CTN,30,205,230,CTN,20,4100,4600
1357,,KAYSALT40* 500 GRM,PCS,18.833333333333332,19.666666666666668,0,1556357,0,BAG,30,565,590,CTN,20,11300,11800
289,,KELTTO INSEC KILLER,PCS,135,200,0,10000268,0,CTN,24,3240,3800,,,,
1451,,KEN FRESH 100*10*100G,PCS,33,50,0,1556451,0,OUT,10,330,350,CTN,10,3300,3350
2023,,KEN FRESH TEA BAG 12*100G,PCS,2.5,3.3333333333333335,0,1557023,0,OUT,30,75,100,CTN,12,900,1100
551,,KEN FRESH TEA BAG12* 200G,PCS,150,200,0,10001111,0,CTN,12,1800,2000,,,,
1638,,KEN FRESH20* 500G,PCS,162.272727272727,200,0,1556638,0,CTN,20,3245.45454545454,3330,,,,
1452,,KEN FRESH200*10* 50G,PCS,5.5,6.666666666666667,0,1556452,0,OUT,30,165,200,CTN,20,3300,3350
1450,,KEN FRESH40* 250GM,PCS,78.3215914080262,100,0,1556450,0,CTN,40,3132.86365632105,3330,,,,
2372,,KEN LON TOMATO PASTE450G,PCS,147.291666666667,160,0,1557372,0,CTN,12,1767.5,1850,,,,
2461,,"""ken tom 50g",PCS,0,0,0,1557461,0,PCS,1,0,0,,,,
2624,,"""KEN WHITE VINGER 12*700G",PCS,0,0,0,1557624,0,PCS,1,0,0,,,,
2625,,"""KEN WHITE VINGER 5LTRS",PCS,0,0,0,1557625,0,PCS,1,0,0,,,,
1388,,"""KENLEX  OIL 250",PCS,0,0,0,1556388,0,PCS,1,0,0,,,,
1389,,KENLEX  OIL 500ML,PCS,170,220,0,1556389,0,CTN,12,2040,2200,,,,
1694,,KENSALT 20*1KG,KG,28.25,40,0,1556694,0,CTN,20,565,610,,,,
1693,,KENSALT 40*500G,PCS,18.333333333333332,19.333333333333332,0,1556693,0,CTN,30,550,580,CTN,20,11000,11600
882,,KENSALT10* 2KG,PCS,48.7647058823529,60,0,1555882,0,CTN,10,487.647058823529,530,,,,
1678,,KENSALT30* 200G,PCS,7,7.666666666666667,0,1556678,0,CTN,30,210,230,CTN,20,4200,4600
2195,,KENTASTE 12*1LTR,PCS,786.48,850,0,1557195,0,CTN,12,9437.76,9600,,,,
2198,,KENTASTE 12*250ML,PCS,265.64,330,0,1557198,0,CTN,12,3187.68,3300,,,,
2197,,KENTASTE 12*400ML,PCS,443.12,500,0,1557197,0,CTN,12,5317.44,5500,,,,
2196,,KENTASTE 12*700ML,PCS,641.48,700,0,1557196,0,CTN,12,7697.76,7800,,,,
2346,,KENTASTE 200G,PCS,229,340,0,1557346,0,CTN,12,2748,5700,,,,
2345,,KENTES COCONUT MILK 400G,PCS,138,150,0,1557345,0,CTN,12,1656,1800,,,,
2344,,KENTESTCOCONUT CREAM 400ML,PCS,159,166,0,1557344,0,CTN,12,1908,2000,,,,
2578,,"""KENYA HIGHLAND 2.5KG.",PCS,0,0,0,1557578,0,PCS,1,0,0,,,,
2459,,"""KENYA highland milk2kg.",PCS,0,0,0,1557459,0,PCS,1,0,0,,,,
1854,,KENYLON BEANS 420G,PCS,99.3125,110,0,1556854,0,CTN,24,2383.5,2500,,,,
346,,KENZI OIL,PCS,175,250,0,10000772,0,CTN,24,4200,4500,,,,
2420,,KENZY TOMATO PEST50G,EA,170,200,0,1557420,0,CTN,4,680,750,,,,
119,,KERICHO TEA BAG 12*100*2G,PCS,210,230,0,10001084,0,CTN,12,2520,2600,,,,
2179,,KERICHO TEA BAG 24*50*2G,PCS,100,130,0,1557179,0,CTN,24,2400,2500,,,,
2180,,KERICHO TEA BAG 6*500G,PCS,345.45476667,380,0,1557180,0,CTN,6,2072.72860002,2200,,,,
475,,KIBUYU SOAP,PCS,96,110,0,10000619,16,CTN,25,2400,2500,,,,
934,,KIFARU NGANO 2KG,PCS,40.333333333333336,41,0,1555934,0,BAL,30,1210,1230,CTN,20,24200,24600
935,,KIFARU UGALI 1KG,KG,44.5833333333333,60,0,1555935,0,BAL,24,1070,1200,,,,
2529,,KINANGOP LONG LIFE MILK 500ML,PCS,16.333333333333332,17.666666666666668,0,1557529,0,CTN,30,490,530,CTN,20,9800,10600
2531,,KINANGOP MIILK 200ML,PCS,12,12.666666666666666,0,1557531,0,CTN,30,360,380,CTN,20,7200,7600
2530,,KINANGOP MILK 500ML,PCS,15.666666666666666,16.666666666666668,0,1557530,0,CTN,30,470,500,CTN,20,9400,10000
2298,,KING AFRICA 25KG,KG,72,90,0,1557298,0,BAG,25,1800,1900,,,,
1254,,KISOL 3LITER,PCS,463.333333333333,500,0,1556254,0,CTN,6,2780,2900,,,,
2596,,KISS KIDS DIAPERS,PCS,525,550,0,1557596,0,BAL,6,3150,3200,,,,
2482,,KITCHEN TOWEL,EA,182,230,0,1557482,0,CTN,10,1820,1900,,,,
2001,,KIWI 100ML,PCS,148.333333333333,180,0,1557001,0,OUT,12,1780,1850,,,,
1331,,KIWI 15ML,PCS,14.333333333333334,15,0,1556331,0,DOZ,30,430,450,CTN,36,15480,16000
2002,,KIWI 200ML,PCS,255,280,0,1557002,0,OUT,6,1530,1600,,,,
477,,"""KIWI 25ML",PCS,0,0,0,10000232,0,PCS,1,0,0,,,,
2011,,KIWI 40ML,PCS,30,35,0,1557011,0,DOZ,30,900,1050,CTN,12,10800,11400
2042,,KNOR CUPES 10*40*4G,PCS,2.5,3,0,1557042,0,OUT,30,75,90,CTN,10,750,800
1183,,KOL  MIXED FRUIT 1KJ,PCS,81.66666666666667,86.66666666666667,0,1556183,0,CTN,30,2450,2600,CTN,20,49000,52000
1185,,KOL  MIXED FRUIT 500GRM,PCS,45,50,0,1556185,0,CTN,30,1350,1500,CTN,20,27000,30000
1734,,KOL BEANS 24*300G,PCS,72.7201257861635,80,0,1556734,0,CTN,24,1745.28301886792,1850,,,,
1241,,KOL BEANS 24*420g,PCS,81.2413555555555,90,0,1556241,0,CTN,24,1949.79253333333,2050,,,,
2193,,KOL CHILI SATCHET 300*20G,PCS,25,26.666666666666668,0,1557193,0,CTN,30,750,800,CTN,20,15000,16000
1184,,KOL MIXED FRUIT 1KJ,PCS,6.8,8.333333333333334,0,1556184,0,TM,30,204,250,CTN,20,4080,5000
1186,,KOL MIXED FRUIT 500GRM,PCS,3.75,5,0,1556186,0,TM,30,112.5,150,CTN,20,2250,3000
2072,,KOL TOMATO SATCHET 300*20G,PCS,20,21.666666666666668,0,1557072,0,CTN,30,600,650,CTN,20,12000,13000
481,,KOOLO,PCS,130,150,0,10000968,0,,,,,,,,
1537,,KRACKLES 30G,PCS,50,51.666666666666664,0,1556537,0,CTN,30,1500,1550,CTN,20,30000,31000
2117,,KRACKLES TOMTO CTOON 30G,PCS,55.833333333333336,58.333333333333336,0,1557117,0,CTN,30,1675,1750,CTN,20,33500,35000
1625,,KSL FRUITDROPS 500G,PCS,1.3777777777777767,1.6666666666666667,0,1556625,0,OUT,30,41.3333333333333,50,CTN,30,1240,1300
1626,,KSL MIXED DROPS 12* 1KG,PCS,3.4444444444444335,6.666666666666667,0,1556626,0,OUT,30,103.333333333333,200,CTN,12,1240,1900
1870,,KSL WHITE MINT 12* 1KG,PCS,5.5,6,0,1556870,0,OUT,30,165,180,CTN,12,1980,2050
1922,,KSL WHITE MINT 12* 500G,PCS,2.86111111111111,3.3333333333333335,0,1556922,0,OUT,30,85.8333333333333,100,CTN,12,1030,1100
1265,,KULA YOUM JUCIE,PCS,19.333333333333332,23.333333333333332,0,1556265,0,CTN,30,580,700,CTN,20,11600,14000
2427,,LASANI 25KG,KG,108,120,0,1557427,0,BAG,25,2700,2800,,,,
2463,,"""latest 500g",PCS,0,0,0,1557463,0,PCS,1,0,0,,,,
1603,,LATIFA MILK 2.5KG,PCS,1266.66666666667,1350,0,1556603,0,CTN,6,7600,8000,,,,
1349,,LATO 2.5KG,PCS,2200,2300,0,1556349,0,CTN,6,13200,10500,,,,
1735,,LATO 500ML,PCS,24.333333333333332,26,0,1556735,0,CTN,30,730,780,CTN,20,14600,15600
1695,,LATO GHEE 12*1KG,PCS,687.5,750,0,1556695,0,CTN,12,8250,8350,,,,
1782,,LATO MILK 900G,PCS,637.5,700,0,1556782,0,CTN,12,7650,7500,,,,
1102,,"""lato250",PCS,0,0,0,1556102,0,,,,,,,,
1699,,LAVITA 320ML,PCS,9.333333333333334,11.666666666666666,0,1556699,0,CTN,30,280,350,CTN,20,5600,7000
2419,,LAZIZA TOMATO PEST 400G,PCS,41.6666666666667,70,0,1557419,0,CTN,12,500,600,,,,
2562,,LBC COCONUT OIL 500G,PCS,158.333333333333,200,0,1557562,0,CTN,12,1900,2000,,,,
2398,,LEAD OMO,PCS,180,200,0,1557398,0,CTN,10,1800,1900,,,,
2181,,LEAD OMO 10*10UT,PCS,4.166666666666667,4.666666666666667,0,1557181,0,OUT,30,125,140,BAG,10,1250,1300
2406,,LEADS DETERGENT POWDER 1kg,PCS,110,125,0,1557406,0,BAL,10,1100,1250,,,,
2405,,LEADS DETERGENT POWDER 2kg,PCS,220,250,0,1557405,0,BAL,5,1100,1250,,,,
2404,,LEADS DETERGENT POWDER 5kg,PCS,550,625,0,1557404,0,BAG,2,1100,1250,,,,
2397,,LEENA SP 500G,PCS,33,50,0,1557397,0,KG,2,66,80,CTN,10,660,700
482,,LIARA,PCS,100,150,0,10000718,0,CTN,24,2400,2600,,,,
1328,,LIFE BUOY SOAP,PCS,34.7222222222222,50,0,1556328,0,CTN,36,1250,1400,,,,
483,,LIGHT CATA,PCS,42,80,0,10000650,16,CTN,50,2100,2400,,,,
2328,,LIPTOMIIL 3,PCS,900,1000,0,1557328,0,CTN,12,10800,11000,,,,
1470,,LIPTOMIL NO 1,PCS,910,950,0,1556470,0,CTN,12,10920,11600,,,,
1471,,"""LIPTOMIL NO 2",PCS,0,0,0,1556471,0,PCS,1,0,0,,,,
1945,,LIPTOMIL NO1 HA,PCS,1266.66666666667,1350,0,1556945,0,CTN,12,15200,15500,,,,
2299,,LISHA MILK500*12,PCS,16,18,0,1557299,0,CTN,30,480,540,CTN,20,9600,10800
2534,,LISHE BORA,EA,240,300,0,1557534,0,,,,,,,,
1253,,LIX / YAALE BLEACH 5LITER,PCS,200,250,0,1556253,0,CTN,4,800,1000,,,,
1257,,LIX LIQUID BLEACH  1LTR,PCS,60,100,0,1556257,0,CTN,12,720,850,,,,
1876,,LONG LIFE JASE 200ML,PCS,19.333333333333332,21.666666666666668,0,1556876,0,CTN,30,580,650,CTN,20,11600,13000
1457,,LONG LIFE JESA 500ML,PCS,17.333333333333332,18.333333333333332,0,1556457,0,CTN,30,520,550,CTN,20,10400,11000
485,,LORI LINGUINE,KG,126,130,0,10000930,0,CTN,10,1260,1300,,,,
486,,LORI SPAGHETTI,PCS,63,70,0,10000123,16,KG,2,126,140,CTN,10,1260,1300
1135,,"""lorys",PCS,0,0,0,1556135,0,PCS,1,0,0,,,,
487,,LOST GOODS,PCS,0,0,0,10000774,0,,,,,,,,
185,,LOTTA TOFFEE 20*80PCS,PCS,54.7380954675505,70,0,10000869,0,CTN,20,1094.76190935101,1250,,,,
2684,,LOTUS ALL PURPOSE 1KG,PCS,61.6666666666667,70,0,1557684,0,BAL,24,1480,1530,,,,
2685,,LOTUS ALLPURPOSE 2KG,KG,121.666666666667,130,0,1557685,0,BAL,12,1460,1520,,,,
1251,,LUCIA MAKAROONI,PCS,62.5,70,0,1556251,0,KG,2,125,140,CTN,10,1250,1400
2630,,"LUCIO SP, 20*500G",PCS,60,70,0,1557630,0,KG,2,120,140,CTN,10,1200,1300
2528,,LUCKY MASLA 500G,PCS,270,320,0,1557528,0,DOZ,12,3240,3300,,,,
1851,,LUCOZADE 12* 600ML,PCS,204.38765,250,0,1850,0,CTN,12,2452.6518,2550,,,,
2329,,LUCOZADE 24*250ML,PCS,42.93333333333333,45,0,1557329,0,CTN,30,1288,1350,CTN,20,25760,27000
1502,,LUKUMAN RICE,KG,118,125,0,1556502,0,BAG,25,2950,3000,,,,
2359,,LULLA BABY NUBER 2,PCS,800,900,0,1557359,0,BAL,4,3200,3500,,,,
2356,,LULLA NAMBER 4,PCS,800,900,0,1557356,0,BAL,4,3200,3500,,,,
2358,,LULLA NUMBER 3,PCS,800,900,0,1557358,0,BAL,4,3200,3500,,,,
2357,,LULLA NUMBER 5,PCS,3200,3500,0,1557357,0,PCS,1,3200,900,,,,
490,,LUX SOAP 170G,PCS,75,100,0,10000282,16,,,,,,,,
491,,MAANDEEQ 2.5 KG,PCS,1533.33333333333,1600,0,10000970,0,CTN,6,9200,9300,,,,
2098,,MAC COFFEE*10.1.6G,PCS,16.8,17.333333333333332,0,1557098,0,OUT,30,504,520,CTN,10,5040,5100
1831,,MACMUUR BUISCIT 40G,PCS,4.1025641025640995,6.666666666666667,0,1556831,0,OUT,30,123.076923076923,200,CTN,6,738.461538461538,1350
2633,,MACRO CARE L,PCS,750,783.333333333333,0,1557633,0,BAL,6,4500,4700,,,,
2634,,MACRO CARE M,PCS,750,800,0,1557634,0,BAL,6,4500,4800,,,,
2632,,MACROCARE XL,PCS,750,783.333333333333,0,1557632,0,BAL,6,4500,4700,,,,
2297,,MACRUF RICE 25KG,KG,72,80,0,1557297,0,BAG,25,1800,1950,,,,
1972,,MACSARA,1LT,390,450,0,1556972,0,,,,,,,,
1973,,MACSARA,PCS,6.183333333333334,6.666666666666667,0,1556973,0,HL,30,185.5,200,CTN,20,3710,4000
1974,,MACSARA,PCS,6.5,8.333333333333334,0,1556974,0,HLT,30,195,250,CTN,20,3900,5000
495,,MAGICAL MINT 500GR,PCS,100,130,0,10001059,0,CTN,12,1200,1300,,,,
496,,MAHARAGWE,KG,80,100,0,10000604,0,,,,,,,,
2435,,MAHIRA BASMATI RICE,PCS,850,900,0,1557435,0,BAL,4,3400,3600,,,,
497,,MAISHA OIL 10L,PCS,1225,1350,0,10001016,0,,,,,,,,
1448,,MAJANI BORA Y TANGAWIZI 250,PCS,90,150,0,1556448,0,,,,,,,,
1505,,MAJANI PORA 100G,PCS,25.5,50,0,1556505,0,OUT,10,255,300,BAG,10,2550,2800
499,,MAJANI PORA 250G,PCS,63.75,100,0,10001053,0,BAG,40,2550,3000,,,,
1270,,MAJANI PORA 500G,PCS,127.5,200,0,1556270,0,BAG,20,2550,3000,,,,
2316,,Mak C,PCS,7.777777777777767,9.333333333333334,0,1557316,0,OUT,30,233.333333333333,280,CTN,12,2800,2900
2418,,"""MAK C 2.5",PCS,0,0,0,1557418,0,PCS,1,0,0,,,,
502,,MAK MAKARONI ELBOW,KG,115,130,0,10000953,16,CTN,10,1150,1300,,,,
503,,MAK SPAGHETI,PCS,47.5,60,0,10001118,16,KG,2,95,120,CTN,10,950,1100
504,,MAK.C 2.5KG,PCS,617,700,0,10000186,16,CTN,6,3702,3800,,,,
505,,MAK.C 2.5KG COCKTAIL,PCS,616.666666666667,700,0,10000670,0,CTN,6,3700,3800,,,,
506,,MAK.C 2.5KG GUAVA,PCS,616.666666666667,700,0,10000669,0,CTN,6,3700,3800,,,,
507,,MAK.C 2.5KG MANGO,PCS,616.666666666667,633.333333333333,0,10000668,0,CTN,6,3700,3800,,,,
510,,MAK.C 45G,PCS,260,300,0,10000682,0,CTN,10,2600,2700,,,,
511,,MAK.C 45G FRUIT BUNCH,PCS,260,300,0,10000188,0,CTN,10,2600,2700,,,,
512,,MAK.C 45GM MANGO,PCS,260,270,0,10000525,16,CTN,10,2600,2700,,,,
515,,MAK.C 900G,PCS,240,300,0,10000781,0,CTN,15,3600,3700,,,,
516,,MAK.C 900G,PCS,240,300,0,10000187,16,CTN,15,3600,3700,,,,
517,,MAK.C 900GM,PCS,240,300,0,10000524,16,CTN,15,3600,3700,,,,
518,,MAK.C 900GR MANGO,PCS,240,246.666666666667,0,10000674,16,CTN,15,3600,3700,,,,
521,,MAKARONI MIX,KG,125,130,0,10000855,0,CTN,20,1250,1300,,,,
522,,MAKARONI SMALL,PCS,4.166666666666667,4.666666666666667,0,10000905,0,KG,30,125,140,CTN,10,1250,1350
523,,MAK-C 2.5 KG COCKTAIL,PCS,616.666666666667,700,0,10000903,0,CTN,6,3700,3800,,,,
524,,MAK-C 2.5 KG QUMBE,PCS,616.666666666667,700,0,10000722,0,CTN,6,3700,3900,,,,
525,,MAK-C 45 GR MANGO,PCS,260,300,0,10000723,16,CTN,10,2600,2700,,,,
526,,MAK-C 900 GR MANGO,PCS,240,300,0,10000250,16,CTN,15,3600,3800,,,,
1942,,MALEYKA SPAGETTI 500G,PCS,31.5,35,0,1556942,0,KG,2,63,80,CTN,10,630,700
2318,,MALKIA TISSUE,EA,140,180,0,1557318,0,BAL,4,560,600,,,,
972,,MALLO,PCS,31.833333333333332,32.166666666666664,0,1555972,16,CTN,30,955,965,CTN,20,19100,19300
1597,,MANDOLIN BARS 28G,PCS,147.916666666667,160,0,1556597,0,CTN,24,3550.00000000001,3800,,,,
2159,,MAPELLA CHOCOLATE 12*350G,PCS,141.666666946779,200,0,1557159,0,CTN,12,1700.00000336135,1900,,,,
1919,,MARA MOJA *48PCS,PCS,10.666666666666666,11.666666666666666,0,1556919,0,OUT,30,320,350,CTN,48,15360,15450
527,,MARAFA SPAGHETTI,KG,122,130,0,10000952,16,CTN,10,1220,1280,,,,
976,,MARHABA COOKING OIL 20LIT,PCS,68.33333333333333,70,0,1555976,16,JRC,30,2050,2100,CTN,20,41000,42000
528,,MARHABA MILK 2.5KG,PCS,1500,1600,0,10000170,0,CTN,6,9000,9200,,,,
529,,MARWO 2.5 KG,PCS,1566.66666666667,1600,0,10000971,0,CTN,6,9400,9500,,,,
1868,,MASHAALAH UJI,PCS,10,11.666666666666666,0,1556868,0,OUT,30,300,350,CTN,20,6000,7000
2581,,"""MAX 400GDISHWASH",PCS,0,0,0,1557581,0,PCS,1,0,0,,,,
531,,MAYONNAISE SMALL 236.5ML,PCS,70.8333333333333,80,0,10000597,16,CTN,24,1700,1800,,,,
2091,,MEEK TISHU,PCS,4.416666666666667,5.333333333333333,0,1557091,0,OUT,30,132.5,160,BAL,4,530,560
2284,,MEGA CLEAN * 5KG,PCS,675,700,0,1557284,0,BAG,2,1350,1400,,,,
1766,,MEGA OIL,PCS,360,400,0,1556766,0,,,,,,,,
1767,,MEGA SHAMPOO,PCS,360,400,0,1556767,0,,,,,,,,
1768,,MEGA TREATMENT,PCS,430,470,0,1556768,0,,,,,,,,
1332,,MELD MAKAROONI,PCS,55,65,0,1556332,0,KG,2,110,130,CTN,10,1100,1200
2709,,MELINO HONEY 2.5KG,PCS,1050,1100,0,1557709,0,CTN,4,4200,4300,,,,
2710,,MELINO HONEY 400G,PCS,216.666666666667,280,0,1557710,0,CTN,12,2600,2700,,,,
2711,,MELINO HONEY 400KG,PCS,204.166666666667,250,0,1557711,0,CTN,12,2450,2550,,,,
1529,,MENENGAI SOAP 20*1KG,PCS,135,150,0,1556529,0,CTN,20,2700,2800,,,,
1535,,MENENGAI SOAP 25*800GM,PCS,108,120,0,1556535,0,CTN,25,2700,2800,,,,
1710,,MENTHOPLUS 144*9ML,PCS,10.5,11.666666666666666,0,1556710,0,OUT,30,315,350,CTN,12,3780,3900
2296,,MENTOS SWEET 40*50 P,PCS,48,65,0,1557296,0,CTN,50,2400,2600,,,,
2672,,MERO PURE HONEY,PCS,36.666666666666664,40,0,1557672,0,CTN,30,1100,1200,CTN,20,22000,24000
1475,,METAL HANDLE 120CM,PCS,86.6666666666667,130,0,1556475,0,BAL,18,1560,1600,,,,
2553,,METHLATED SPIRIT 500ML,PCS,55,80,0,1557553,0,DOZ,12,660,720,CTN,4,2640,2730
2518,,"""METHYLATED SPIRIT",PCS,0,0,0,1557518,0,,,,,,,,
2671,,MIKSI 2.5,PCS,1833.33333333333,1900,0,1557671,0,CTN,6,11000,11200,,,,
2670,,MIKSI 2.5KG,PCS,1833,1950,0,1557670,0,CTN,6,73320,78000,,,,
2505,,MIKSI 6*2KG,PCS,1450,1550,0,1557505,0,CTN,6,8700,10000,,,,
2474,,"""MIKSI MILK BAG 2KG",PCS,0,0,0,1557474,0,PCS,1,0,0,,,,
1401,,MILANO SPAGETTI 500GM,PCS,31.5,40,0,1556401,0,KG,2,63,80,CTN,10,630,700
1988,,MILCO 200G,PCS,80,90,0,1556988,0,DOZ,24,1920,2050,,,,
1911,,MILCO 400G,PCS,5.333333333333333,6.666666666666667,0,1556911,0,OUT,30,160,200,CTN,24,3840,4900
2645,,MILCO CHOCO,PCS,165,185,0,1557645,0,CTN,24,3960,4050,,,,
1989,,MILCO ECLIAR MILK 200G,PCS,3.0555555555555567,3.6666666666666665,0,1556989,0,OUT,30,91.6666666666667,110,CTN,24,2200,2300
1990,,MILCO FUDGE MILK 300G,PCS,4.9513888888889,5.333333333333333,0,1556990,0,OUT,30,148.541666666667,160,CTN,24,3565,3650
2573,,MILK BISCUITS BUCKET,EA,230,250,0,1557573,0,,,,,,,,
2395,,"""milk man 500*12ml",PCS,0,0,0,1557395,0,,,,,,,,
536,,MILK TOFFEES DEEMAH,PCS,125,200,0,10000966,16,CTN,12,1500,2000,,,,
1231,,MILKI CANDY,PCS,210,220,0,1556231,0,CTN,20,4200,4400,,,,
2590,,MILO 200G,PCS,216.666669892473,280,0,1557590,0,CTN,12,2600.00003870968,2800,,,,
1958,,MILO SACHET 240*10G,PCS,3.5697278911564667,4,0,1556958,0,DOZ,30,107.091836734694,120,CTN,20,2141.83673469388,2250
2368,,MILO12* 400 G,PCS,480,550,0,1557368,0,CTN,12,5760,5000,,,,
2200,,MINUT MAID 1LTR,PCS,42.5,44,0,1557200,0,CTN,30,1275,1320,CTN,20,25500,26400
1969,,MINUTE MAID 400ML,PCS,21,22,0,1556969,0,CTN,30,630,660,CTN,20,12600,13200
1970,,MINUTE MAID APPLE 400ML,PCS,22,23,0,1556970,0,CTN,30,660,690,CTN,20,13200,13800
2500,,MISK 250G,PCS,100,150,0,1557500,0,CTN,24,2400,2600,,,,
2064,,MO ENERGY,PCS,19.333333333333332,21.666666666666668,0,1557064,0,CTN,30,580,650,CTN,20,11600,13000
2310,,mo ugali 2kg,KG,104.166666666667,125,0,1557310,0,BAL,12,1250,1350,,,,
1282,,"""MOFIX NO 2",PCS,0,0,0,1556282,0,PCS,1,0,0,,,,
1839,,MOHMOOD RICE 25KG,KG,174,180,0,1556839,0,BAG,25,4350,4450,,,,
1841,,MOHMOOD RICE 4*10KG,KG,1750,1800,0,1556841,0,BAG,4,7000,7100,,,,
1840,,MOHMOOD RICE 4*5KG,KG,875,920,0,1556840,0,BAG,8,7000,7100,,,,
2201,,MOLFIX L,PCS,470,500,0,1557201,0,CTN,4,1880,1950,,,,
1288,,MOLFIX NO 2,PCS,780,850,0,1556288,0,BAL,3,2340,2400,,,,
1281,,MOLFIX NO 3,PCS,780,850,0,1556281,0,BAL,3,2340,2400,,,,
1283,,"""MOLFIX NO 4",PCS,0,0,0,1556283,0,PCS,1,0,0,,,,
1544,,MOLFIX NO 5,PCS,26,28.333333333333332,0,1556544,0,OUT,30,780,850,BAL,3,2340,2700
2603,,MOLFIX PANTS,PCS,900,980,0,1557603,0,CTN,3,2700,2800,,,,
2411,,MONDO PAST,PCS,45.5,60,0,1557411,0,KG,2,91,120,CTN,10,910,1050
2015,,MOONY PAMPES,PCS,26.8888888888889,28.333333333333332,0,1557015,0,OUT,30,806.666666666667,850,CTN,3,2420,2500
2214,,MOSKIL,PCS,16.666666666666668,17.222222222222232,0,1557214,0,DOZ,30,500,516.666666666667,CTN,3,1500,1550
2493,,MOSKILL DOOM,PCS,290,400,0,1557493,0,CTN,12,3480,3550,,,,
2428,,MOTHER JOY  M,PCS,491.6667,550,0,1557428,0,BAL,6,2950.0002,3000,,,,
2386,,MOTHER JOY JUMBO,PCS,750,800,0,1557386,16,BAL,3,2250,2350,,,,
2525,,MOTHER JOY S,PCS,491.666666666667,550,0,1557525,0,BAL,6,2950,3000,,,,
2429,,MOTHER JOY XL,PCS,491.666672222222,550,0,1557429,0,BAL,6,2950.00003333333,3000,,,,
2364,,MOTHERS JOY L,PCS,491.666666666667,500,0,1557364,16,BAL,6,2950,3000,,,,
2366,,MOTHERS JOY L/C,PCS,491.666666666667,550,0,1557366,16,BAL,6,2950,3000,,,,
1400,,MOTO BIRYANIRICE,KG,84,100,0,1556400,0,BAG,25,2100,2180,,,,
1584,,MR BERRY GUM,PCS,2.206497165362887,2.5,0,1556584,0,OUT,30,66.1949149608866,75,CTN,20,1323.89829921773,1380
2375,,MR DOHA,KG,116,125,0,1557375,0,BAL,25,2900,3000,,,,
1637,,MR RICE,KG,86,100,0,1556637,0,BAG,25,2150,2250,,,,
2033,,MSAFI OMO 6*1KG,PCS,125,220,0,1557033,0,CTN,6,750,950,,,,
1346,,MSAFI WHITE 10KG,KG,69.5,110,0,1556346,0,CTN,10,695,750,,,,
538,,MUBARAK MILK 2.5KG,PCS,1550,1600,0,10000793,0,CTN,6,9300,9500,,,,
539,,MUDAN 2.5 KG,PCS,1533.33333333333,1600,0,10000644,0,CTN,6,9199.99999999998,9300,,,,
1586,,MUGUKA BUBBLE GUM,PCS,59.5,75,0,1556586,0,CTN,20,1190,1230,,,,
2750,,MULSONS PAPRICA100G,PCS,89,150,0,1557750,0,DOZ,12,1068,1150,,,,
2749,,MULSONS PILAU MASALA100G,PCS,169,180,0,1557749,0,DOZ,12,2028,2150,,,,
2748,,MULSONS TEA MASALA,PCS,177,200,0,1557748,0,DOZ,12,2124,2250,,,,
927,,MUMIAS 50KG,PCS,116.66666666666667,121,0,1555927,16,BAG,30,3500,3630,CTN,20,70000,72600
926,,MUMIAS PACKED 1KG,PCS,61.666666666666664,62.333333333333336,0,1555926,16,BAL,30,1850,1870,CTN,20,37000,37400
540,,MUMTAZ MILK 2.5 KG,PCS,1500,1600,0,10000840,0,CTN,6,9000,9300,,,,
143,,MUNA RICE,KG,116,130,0,10000590,0,BAG,25,2900,3000,,,,
2665,,MUSTANG ENERGY 350ML,EA,420,450,0,1557665,0,,,,,,,,
1899,,MY CAR *8,PCS,12.833333333333334,14,0,1556899,0,OUT,30,385,420,CTN,8,3080,3150
1902,,MY HELLO MOBEIL,PCS,12.333333333333334,14.333333333333334,0,1556902,0,OUT,30,370,430,CTN,12,4440,4550
541,,MY LADY,PCS,56.25,80,0,10001065,0,CTN,16,900,1000,,,,
1900,,MY PHONE*8,PCS,12.833333333333334,14,0,1556900,0,OUT,30,385,420,CTN,8,3080,3150
1901,,MY RACER CAR,PCS,1.3333333333333333,1.6666666666666667,0,1556901,0,OUT,30,40,50,CTN,12,480,4700
2238,,NACET STAINLESS 20*5,PCS,16,26,0,1557238,0,DOZ,30,480,780,CTN,20,9600,15600
2371,,NAJAH RICE 25KG,KG,106,108,0,1557371,0,BAG,25,2650,2700,,,,
542,,NAMIR 10 KG,PCS,1750,2000,0,10001094,16,BAG,4,7000,7200,,,,
543,,NAMIR RICE,KG,174,180,0,10000606,0,BAG,25,4350,4500,,,,
544,,NAMIR RICE 5 KG,PCS,875,1000,0,10001093,16,BAG,8,7000,7200,,,,
1684,,NAN 1 MILK GOLD 400G,PCS,950,1100,0,1556684,0,CTN,12,11400,11800,,,,
546,,NAN 2 MILK GOLD 400G,PCS,950,1100,0,10000901,0,CTN,12,11400,11600,,,,
1536,,NAN 3 MILK GOLD 400G,PCS,900,1050,0,1556536,0,CTN,12,10800,11200,,,,
1672,,NASEEM AIR FRESH,EA,426.536868268434,460,0,1556672,0,,,,,,,,
1362,,NDOVU MOBILE 500GM,PCS,22.666666666666668,25,0,1556362,0,CTN,30,680,750,CTN,20,13600,15000
1361,,NDOVU NGANO 12* 2KG,PCS,101.666666666667,112.5,0,1556361,0,BAL,12,1220,1350,,,,
1932,,NDOVU NGANO 24* 1KG,KG,58.227392384884,70,0,1556932,0,BAG,24,1397.45741723722,1480,,,,
2035,,NDOVU UGALI 12*2KG,PCS,77.5,90,0,1557035,0,BAL,12,930,1020,,,,
2361,,NDOVU UGALI 1KG,PCS,60.4166666666667,70,0,1557361,0,BAL,24,1450,1530,,,,
1660,,NESCAFE 100G,PCS,380.454545454545,450,0,1556660,0,CTN,24,9130.90909090908,4700,,,,
1121,,NESCAFE 200G,EA,683.388889333334,750,0,1556121,0,CTN,12,8200.66667200001,8900,,,,
1659,,NESCAFE 50G,PCS,182.292083333333,230,0,1556659,0,CTN,24,4375.01,4600,,,,
1604,,NESCAFE CLASSIC1.6G,PCS,1.4142857142857135,1.6666666666666667,0,1556604,0,DOZ,30,42.4285714285714,50,OUT,7,297,330
2119,,NEW QUEEN *12,PCS,18.055555555555564,19.333333333333332,0,1557119,0,OUT,30,541.666666666667,580,CTN,12,6500,6600
2415,,NGARISHA DISINFECTANT24*500,PCS,100,150,0,1557415,0,CTN,24,2400,2600,,,,
2683,,NGARISHA STEEL WOOL20*30*15gm,PCS,3.908333333333333,4.333333333333333,0,1557683,0,OUT,30,117.25,130,BAL,20,2345,2430
2438,,NGARISHA SUPERBRITE,PCS,13.3333333333333,25,0,1557438,0,EA,12,160,200,,,,
2287,,NICE ONE BULB,PCS,44,55,0,1557287,0,OUT,10,440,540,CTN,5,2200,2400
2421,,NICE* LOVELIY 400ML,PCS,130,200,0,1557421,0,DOZ,12,1560,1760,,,,
1351,,NIDO 2.5KG,PCS,2300,2500,0,1556351,0,CTN,6,13800,14500,,,,
556,,NIDO 400G,PCS,458.333333333333,500,0,10000879,0,CTN,24,11000,11100,,,,
2550,,NILE TISSUE,PCS,130,180,0,1557550,0,BAL,4,520,600,,,,
2469,,NIP NAP JUNIOR,EA,500,580,0,1557469,0,BAL,6,3000,3100,,,,
2467,,NIP NAP MAXI,EA,500,580,0,1557467,0,BAL,6,3000,3100,,,,
2468,,NIP NAP MIDI,EA,500,580,0,1557468,0,BAL,6,3000,3100,,,,
558,,NIVEA LOTION 100 ML,PCS,110,150,0,10000943,0,CTN,24,2640,2750,,,,
559,,NIVEA LOTION 200 ML,PCS,209,250,0,10000942,0,CTN,24,5016,5120,,,,
560,,NIVEA LOTION 400 ML,PCS,300,380,0,10000941,0,CTN,12,3600,3700,,,,
2545,,NJAMBAS 2KG UGALI,PCS,83.3333333333333,110,0,1557545,0,CTN,12,1000,1050,,,,
134,,NOLIN 1L,PCS,200,300,0,10000295,0,,,,,,,,
1729,,NOLIN 3L,EA,470,550,0,1556729,0,,,,,,,,
2396,,NOLLA SP 500G,PCS,39.5,40,0,1557396,0,KG,2,79,100,CTN,10,790,820
1964,,NOODIES 120G,PCS,14.2424,16,0,1556964,0,CTN,30,427.272,480,CTN,20,8545.44,9600
1570,,NOVA SOAP,PCS,65,80,0,1556570,0,CTN,48,3120,3300,,,,
1817,,NUMI 12*120G,PCS,5.666666666666667,6,0,1556817,0,CTN,30,170,180,CTN,20,3400,3600
564,,NUNALAC MILK (1) 400 GR,PCS,880,950,0,10001038,0,CTN,6,5280,5400,,,,
567,,NURA CHICKEN,HPC,79.1666666666667,100,0,10000804,0,PCS,1,158.333333333333,180,CTN,24,3800,3900
568,,NURA JUICE 2.5KG,PCS,1600,1650,0,10000782,0,CTN,6,9600,3900,,,,
565,,NURA MILK 2.5KG,PCS,2200,2500,0,10000785,0,CTN,6,13200,13500,,,,
1264,,NURA MILK 900G,PCS,625,700,0,1556264,0,CTN,12,7500,8000,,,,
1968,,NUTELLA 12*750G,PCS,750,750,0,1556968,0,CTN,12,9000,10050,,,,
1967,,NUTELLA 15*350G,PCS,400,400,0,1556967,0,CTN,15,6000,6350,,,,
1800,,NUTELLA 180G 8*1,PCS,257.375,300,0,1556800,0,OUT,8,2059,2200,,,,
1327,,NUVITA BUISCIT,PCS,7.666666666666667,8.333333333333334,0,1556327,0,CTN,30,230,250,CTN,20,4600,5000
1627,,NYOTA 10LTR,PCS,35.333333333333336,38.333333333333336,0,1556627,0,JRC,30,1060,1150,CTN,20,21200,23000
2069,,NYOTA 20LTR,PCS,87.33333333333333,90,0,1557069,0,JRC,30,2620,2700,CTN,20,52400,54000
2351,,NYOTA 3LIT,PCS,371.666666666667,390,0,1557351,0,CTN,6,2230,2350,,,,
2741,,NYOTA 5LIT,PCS,896.25,950,0,1557741,0,CTN,4,3585,3650,,,,
2306,,NYOTA TISSUE,EA,125,137.5,0,1557306,0,BAL,4,500,550,,,,
2718,,OBA GOLD MACRONI,PCS,55,65,0,1557718,0,KG,2,110,130,CTN,10,1100,1200
2577,,OBA GOLD SP,PCS,49,54,0,1557577,0,KG,2,98,120,CTN,10,980,1050
2152,,"OBA SP,G 20* 500G",PCS,47.5,55,0,1557152,0,KG,2,95,110,CTN,10,950,1000
1245,,OBALINO MAKAROONI,PCS,60,70,0,1556245,0,KG,2,120,140,CTN,10,1200,1300
1524,,"OBALINO SP, G 20*500G",PCS,48.88556,60,0,1556524,0,KG,2,97.77112,120,CTN,10,977.7112,1050
1661,,OBAMA PEN,PCS,5.708333333333333,6.666666666666667,0,1556661,0,OUT,30,171.25,200,CTN,20,3425,3700
2146,,OBOMA UNGANO 12*2KG,PCS,107.5,120,0,1557146,0,BAL,12,1290,1400,,,,
2614,,OCEAN ENERGY DRINK 250ML,PCS,88,89.33333333333333,0,1557614,0,CTN,30,2640,2680,CTN,20,52800,53600
2739,,OLIMPIA SWEET,PCS,370,400,0,1557739,0,CTN,12,4440,4500,,,,
1123,,OLIVE  OIL  12*1LTRE,PCS,508,550,0,1556123,0,CTN,12,6096,6300,,,,
571,,OLIVE OIL 12* 250 ML,PCS,206.25,250,0,10000579,0,CTN,12,2475,2600,,,,
1436,,"""OLIVE OIL 12* 500ML",PCS,0,0,0,1556436,0,PCS,1,0,0,,,,
2166,,OLIVE OIL 1lit,PCS,15.277777777777766,16,0,1557166,0,OUT,30,458.333333333333,480,CTN,12,5500,5200
2548,,OLIVE OIL KIT,EA,370,450,0,1557548,0,,,,,,,,
572,,OMAAR RICE,KG,116,130,0,10000602,0,BAG,25,2900,3000,,,,
1752,,OMAR BIG 48*185G,PCS,129.1667,140,0,1556752,0,DOZ,12,1550.0004,1600,CTN,4,6200.0016,6400
1842,,OMAR RICE 25KG,KG,116,130,0,1556842,0,BAG,25,2900,3000,,,,
1364,,OMAR SMALL 48* 95G,PCS,87.5,100,0,1556364,0,DOZ,12,1050,1080,CTN,4,4200,4350
1880,,OMELIEA SPAGETTI,PCS,47.5,60,0,1556880,0,KG,2,95,120,CTN,10,950,1050
2558,,OMO 1KG,PCS,225,250,0,1557558,0,CTN,12,2700,2900,,,,
2535,,OMO 2KG MACHIN WASH,PCS,400,450,0,1557535,0,CTN,6,2400,2700,,,,
2369,,OMO 4*3.5,PCS,600,750,0,1557369,0,CTN,4,2400,2700,,,,
759,,OMO 4*3.5 KG,PCS,20,23.333333333333332,0,10001108,16,PCS,30,600,700,CTN,20,12000,14000
1552,,OMO 6* 45G,PCS,4.5506056593715,4.833333333333333,0,1556552,0,DOZ,30,136.518169781145,145,CTN,6,819.10901868687,850
778,,OMO 9* 30G,PCS,3.4067398119122334,3.6666666666666665,0,10000286,0,DOZ,30,102.202194357367,110,CTN,9,919.819749216303,980
2096,,ONDOLIVE POMANCE 12*500ML,PCS,350,400,0,1557096,0,CTN,12,4200,4300,,,,
2061,,ONDOLIVE SELECTION 12*1LTR,PCS,1050,1100,0,1557061,0,CTN,12,12600,12800,,,,
2491,,ORAL B TOOTH BRUSH,PCS,7.666666666666667,12.666666666666666,0,1557491,16,DOZ,30,230,380,CTN,20,4600,7600
2488,,ORAL B TOOTH PASTE,EA,15,520,0,1557488,0,CTN,12,180,520,,,,
2126,,OREO 8*12*57G,PCS,14.533333333333333,17.666666666666668,0,1557126,0,OUT,30,436,530,CTN,8,3488,4100
2106,,OREO BISCUIT  8*12*28.5G,PCS,7.266666666666667,9.5,0,1557106,0,OUT,30,218,285,CTN,8,1744,2100
2062,,ORGANA JAM 12*450G,PCS,180,200,0,1557062,0,CTN,12,2160,3000,,,,
2176,,ORGANIC COCONUT *36,PCS,680,750,0,1557176,0,CTN,36,24480,24600,,,,
2177,,ORGANIC COCONUT *48,PCS,350,400,0,1557177,0,CTN,48,16800,1700,,,,
2631,,OSEFIN DUST,PCS,220,250,0,1557631,0,,,,,,,,
2497,,OSEFIN INSECT KILLER,PCS,200,350,0,1557497,16,CTN,24,4800,4950,,,,
1925,,OUGO CAKE 12*12PCS,PCS,7.8911110887542,12.666666666666666,0,1556925,0,OUT,30,236.733332662626,380,CTN,12,2840.79999195151,2900
576,,OYO MUCHUZI MIX,PCS,1.8333333333333333,2,0,10000911,16,DOZ,30,55,60,CTN,10,550,600
2112,,OYSTER SAUCE 710G,PCS,9.666666666666666,10.666666666666666,0,1557112,0,OUT,30,290,320,CTN,20,5800,6400
1495,,PAKMAYA 100G,PCS,56.6666666666667,70,0,1556495,0,CTN,30,1700,1800,,,,
1790,,PAMBERS MAXI L/C 8*8,PCS,6.135725598250733,7.666666666666667,0,1556790,0,OUT,30,184.071767947522,230,BAL,8,1472.57414358018,1600
1789,,PAMBERS MIDI L/C 8*9,PCS,6.436545833333333,7.666666666666667,0,1556789,0,OUT,30,193.096375,230,BAL,8,1544.771,1600
1788,,PAMBERS MINI L/C  8*10,PCS,6.436545833333333,7.333333333333333,0,1556788,0,OUT,30,193.096375,220,BAL,8,1544.771,1600
1791,,PAMBERS NO5 L/C 8*8,PCS,6.436545833333333,7.666666666666667,0,1556791,0,OUT,30,193.096375,230,BAL,8,1544.771,1600
2213,,PAMPEENO 52*NO4,PCS,816.666666666667,850,0,1557213,0,BAL,3,2450,2550,,,,
2092,,PAMPEENO PAMPERS 40* NO 4,PCS,20,21.666666666666668,0,1557092,0,OUT,30,600,650,BAL,5,3000,3100
2093,,PAMPEENO PAMPERS NO 3,PCS,20,21.666666666666668,0,1557093,0,OUT,30,600,650,BAL,5,3000,3100
2239,,"""PAMPERS *4*32",PCS,0,0,0,1557239,0,PCS,1,0,0,,,,
2647,,PAMPERS JUMBO 3,PCS,1200,1250,0,1557647,0,BAL,3,3600,3750,,,,
1787,,PAMPERS JUMBO N05 3*60,PCS,40.301140000000004,43.333333333333336,0,1556787,0,OUT,30,1209.0342,1300,BAL,3,3627.1026,3750
578,,PAMPERS JUMBO NO2 *80,PCS,40.53333333333333,43.333333333333336,0,10000826,0,OUT,30,1216,1300,BAL,3,3648,3800
1786,,PAMPERS JUMBO NO4  3*64,PCS,36,43.333333333333336,0,1556786,0,OUT,30,1080,1300,BAL,3,3240,3750
2256,,PAMPERS JUNIOR 4*30,PCS,618.5875,652.5,0,1557256,0,BAL,4,2474.35,2610,,,,
2265,,PAMPERS MIDI*4*36,PCS,618.5,640,0,1557265,0,BAL,4,2474,2560,,,,
2257,,"""PAMPERS MINI 4*40",PCS,0,0,0,1557257,0,PCS,1,0,0,,,,
1917,,PANADOL ADVANCE*40psc,PCS,12.666666666666666,13.333333333333334,0,1556917,0,OUT,30,380,400,CTN,40,15200,15550
2620,,PANADOL EXTRA*40PCS,PCS,420,445,0,1557620,0,CTN,40,16800,17800,,,,
2115,,PANCAKE SYRUP AG,PCS,11.666666666666666,12.666666666666666,0,1557115,0,OUT,30,350,380,CTN,20,7000,7600
2379,,PAPRIKA* 100g,PCS,125,170,0,1557379,0,DOZ,12,1500,1600,,,,
2409,,PARAX SERVIETTES,PCS,50,60,0,1557409,0,BAL,60,3000,3200,,,,
2300,,PARMA SOAP 1KG,PCS,100,120,0,1557300,0,CTN,10,1000,1100,,,,
1875,,PASHA YEST,PCS,180,200,0,1556875,0,CTN,20,3600,3800,,,,
594,,PASTA CITY,KG,110,120,0,10000977,16,CTN,10,1100,1200,,,,
2616,,"""PASTA LILIA 500G",PCS,0,0,0,1557616,0,PCS,1,0,0,PCS,1,0,0
595,,PASTO MIXI,KG,57.5,65,0,10000806,0,CTN,20,1150,1200,,,,
2076,,PBISCO*24PCS,PCS,6.333333333333333,6.666666666666667,0,1557076,0,CTN,30,190,200,CTN,20,3800,4000
1993,,PEANUT BUTTER 340G,PCS,155,180,0,1556993,0,,,,,,,,
598,,"""PEANUT BUTTER 510G",PCS,0,0,0,10000364,0,,,,,,,,
2729,,PEARL 1KG*10,KG,149,200,0,1557729,0,CTN,10,1490,1550,,,,
2730,,PEARL 3KG*4PCS,KG,551.5,620,0,1557730,0,CTN,4,2206,2300,,,,
2728,,PEARL OMO 1.5KG,PCS,261,216.666666666667,0,1557728,0,CTN,12,3132,2600,,,,
2732,,PEARL OMO 10KG,KG,1490,1550,0,1557732,0,,,,,,,,
2731,,PEARL OMO 5KG*4PCS,PCS,772.5,820,0,1557731,0,CTN,4,3090,3150,,,,
1924,,PEC BULB 75W,PCS,70,100,0,1556924,0,OUT,10,700,750,CTN,10,7000,7200
235,,PEGS CLOTH *10UT,PCS,4.222222333333333,5,0,10000469,0,OUT,30,126.66667,150,BAG,10,1266.6667,1350
1499,,PEKEE TISHUU,PCS,172.5,200,0,1556499,0,BAL,4,690,750,,,,
1530,,PEMB UGALI 24* 1KG,PCS,51.25,52.9166666666667,0,1556530,0,BAG,24,1230,1280,,,,
1881,,PEMBE NGANO 12* 2KG,PCS,128,135,0,1556881,0,BAL,12,1536,1560,,,,
1312,,PEMBE NGANO24*1KG,KG,64.1666666666667,70,0,1556312,0,BAG,24,1540,1600,,,,
1360,,PEMBE UGALI 12* 2KG,PCS,99.5787387906527,110,0,1556360,0,BAL,12,1194.94486548783,1250,,,,
2587,,PEOPLE MEAL 1KG,KG,49,60,0,1557587,0,BAL,24,1176,1250,,,,
2589,,PEOPLE MEAL 2KG,KG,103.333333333333,105,0,1557589,0,BAL,12,1240,1270,,,,
2244,,PEP  HONEY*12*500,PCS,3345,330,0,1557244,0,CTN,12,40140,3960,,,,
1703,,PEP HOT SWEET 12* 700G,PCS,141.15,160,0,1556703,0,CTN,12,1693.8,1800,,,,
1704,,PEP MIXED FRUIT 12* 500G,PCS,120.6,160,0,1556704,0,CTN,12,1447.2,1550,,,,
2248,,PEP ROSE *12* 1LT,PCS,0.4166666666666667,66.66666666666667,0,1557248,0,CTN,30,12.5,2000,PCS,12,150,250
1705,,PEP ROSE 12* 700ML,PCS,238.75,280,0,1556705,0,CTN,12,2865,3200,,,,
2473,,"""PEP TOMATO 1LTR",PCS,0,0,0,1557473,0,PCS,1,0,0,,,,
1706,,PEP TOMOTO 24* 250G,PCS,45.1875,80,0,1556706,0,CTN,24,1084.5,1200,,,,
1701,,PEP TOMOTO 4* 5LTR,PCS,313.75,350,0,1556701,0,CTN,4,1255,1300,,,,
1416,,PEP TOMTO 12* 700GMS,PCS,119.813299028514,150,0,1556416,0,CTN,12,1437.75958834217,1550,,,,
1415,,PEP TOMTO 24* 400GMS,PCS,61.25,80,0,1556415,0,CTN,24,1470,1500,,,,
2138,,PEP VINEGEAR 12*700ML,PCS,64.3125,100,0,1557138,0,CTN,12,771.75,900,,,,
2247,,PEP*HONEY*12*300,PCS,180,220,0,1557247,0,CTN,12,2160,2450,,,,
2586,,PEPOPLE MEAL 2KG,PCS,101,110,0,1557586,0,BAL,12,1212,1250,,,,
1702,,PEPT HOT SWEET 24* 400G,PCS,85.025,100,0,1556702,0,CTN,24,2040.6,2150,,,,
1938,,PEPTANG CHILI 4* 5LTR,PCS,445.55,480,0,1556938,0,CTN,4,1782.2,1850,,,,
607,,PERFUME,PCS,150,200,0,10001074,0,,,,,,,,
931,,PERPERZ,EA,550,600,0,1555931,0,BAL,6,3300,3400,,,,
2053,,PHILIPS 40/60/75/100W,PCS,11.110204109207867,11.666666666666666,0,1557053,0,OUT,30,333.306123276236,350,CTN,10,3333.06123276236,3400
1237,,PHOENIX DIAPERS L,PCS,483.333333333333,550,0,1556237,0,BAL,6,2900,3100,,,,
1238,,PHOENIX DIAPERS M,PCS,483.333333333333,550,0,1556238,0,BAL,6,2900,3100,,,,
1239,,PHOENIX DIAPERS S,PCS,483.333333333333,550,0,1556239,0,BAL,6,2900,3100,,,,
2517,,PIKA 1LTR,PCS,239.583333333333,280,0,1557517,0,CTN,12,2875,2975,,,,
2333,,PIKA 3 lit,PCS,630.833333333333,700,0,1557333,0,CTN,6,3785,3850,,,,
2334,,PIKA 5LIT,PCS,997.5,1050,0,1557334,0,CTN,4,3990,4100,,,,
1628,,PIKA OIL 10LTR,PCS,36.166666666666664,38.333333333333336,0,1556628,0,CTN,30,1085,1150,CTN,20,21700,23000
2095,,PIKA OIL 12*500ML,PCS,108.333333333333,140,0,1557095,0,CTN,12,1300,1380,,,,
2059,,PIKA OIL 6*2LTR,PCS,445.833333333333,550,0,1557059,0,CTN,6,2675,2775,,,,
1612,,PIN POP LOLIPOP 14*48PCS,PCS,12.366666666666667,13,0,1556612,0,OUT,30,371,390,CTN,14,5194,4950
611,,PINK LOTION ( SMALL ),PCS,135,150,0,10000729,0,,,,,,,,
2642,,PISHORI AYA25 KG,KG,124,150,0,1557642,0,BAG,25,3100,3300,,,,
1483,,PJ CHEWING GUM,PCS,171,180,0,1556483,0,CTN,36,6156,6250,,,,
2039,,PK 24*30*10PELLETS,PCS,12.919444351851867,13.333333333333334,0,1557039,0,OUT,30,387.583330555556,400,CTN,24,9301.99993333334,9450
1482,,PK CHEWING 36*50,PCS,6.321660195581166,6.666666666666667,0,1556482,0,OUT,30,189.649805867435,200,CTN,36,6827.39301122766,6950
984,,POA BAR SOAP,PCS,33.333333333333336,34.333333333333336,0,1555984,16,CTN,30,1000,1030,CTN,20,20000,20600
2576,,"""POLRAHA 1LTR",PCS,0,0,0,1557576,0,PCS,1,0,0,,,,
2575,,"""POLRAHA 500ML",PCS,0,0,0,1557575,0,PCS,1,0,0,,,,
2510,,POMAC OLIVER 500ML,EA,170.833333333333,230,0,1557510,0,CTN,24,4100,4300,,,,
2512,,POMACE 250ML,EA,125,170,0,1557512,0,CTN,24,3000,3200,,,,
2288,,POPCO 1 LIT,PCS,139.166666666667,180,0,1557288,0,CTN,12,1670,1950,,,,
1323,,POPCO 3LITER,PCS,398.333333333333,500,0,1556323,0,CTN,6,2390,2450,,,,
1368,,POPCO 5LTR,PCS,907.5,970,0,1556368,0,CTN,4,3630,3730,,,,
2390,,POPCO 6*2lt,PCS,283.333333333333,350,0,1557390,0,CTN,6,1700,1900,,,,
1882,,POPCO SOAP 12*600G,PCS,54.1666666666667,70,0,1556882,0,CTN,12,650,700,,,,
2149,,POPCORN BIG,PCS,3.5,4.333333333333333,0,1557149,0,OUT,30,105,130,CTN,18,1890,2000
2150,,POPCORN SMALL,PCS,2.1666666666666665,3,0,1557150,0,OUT,30,65,90,CTN,30,1950,1900
2275,,PORRIDGE,PCS,420,470,0,1557275,0,,,,,,,,
2292,,POSTMAN 10 LT,PCS,1660,1720,0,1557292,0,,,,,,,,
2392,,POSTMAN 20LIT,PCS,111.66666666666667,113.33333333333333,0,1557392,0,BAL,30,3350,3400,CTN,20,67000,68000
1094,,PREDO BABY,EA,950,1000,0,1556094,0,BAL,4,3800,3900,,,,
2388,,PREDO WIPS 12*120,PCS,150,180,0,1557388,0,CTN,12,1800,1900,,,,
2253,,PREGO,EA,590,630,0,1557253,0,,,,,,,,
2389,,PRENDO WIPS 12*72,PCS,100,150,0,1557389,0,CTN,12,1200,1350,,,,
2414,,PRESTGE 12*1KG,PCS,287.5,330,0,1557414,0,CTN,12,3450,3550,,,,
942,,PRESTIGE 10KG CTN,PCS,59.36633333333334,61,0,1555942,0,CTN,30,1780.99,1830,CTN,20,35619.8,36600
2175,,PRESTIGE 48*100G,PCS,22.1875,30,0,1557175,0,DOZ,12,266.25,280,CTN,4,1065,1100
2657,,PRETTY BABY  M,PCS,400.5,450,0,1557657,0,BAL,6,2403,2450,,,,
2658,,PRETTY BABY  S,PCS,400.5,450,0,1557658,0,BAL,6,2403,2450,,,,
2656,,PRETTY BABY L,PCS,400.5,450,0,1557656,0,BAL,6,2403,2450,,,,
2655,,PRETTY BABY XL,PCS,400.5,450,0,1557655,0,BAL,6,2403,2450,,,,
2704,,PRIMO INSTANT YEAST 450G,PCS,160,190,0,1557704,0,CTN,20,3200,3300,,,,
613,,PRIMO SPAGHETI,PCS,47.5,50,0,10000124,16,KG,2,95,100,CTN,10,950,1000
2020,,PRINO POWDER 10KG,PCS,25,26.666666666666668,0,1557020,0,BAG,30,750,800,CTN,20,15000,16000
1726,,PROUD ABAYA FABRIC 2L,EA,420,500,0,1556726,0,,,,,,,,
1727,,PROUD ABAYA FABRIC 3L,EA,600,650,0,1556727,0,,,,,,,,
712,,PROUD ABAYA FABRIC S 1LT,PCS,270,350,0,10000340,0,,,,,,,,
2734,,PUREDAYS DIAPER ADULT,PCS,420.833333333333,429.166666666667,0,1557734,0,CTN,12,5050,5150,,,,
614,,QAMADI KG,KG,70,100,0,10000486,0,,,,,,,,
615,,QAMAR MILK 2.5KG,PCS,1500,1600,0,10000484,0,CTN,6,9000,9100,,,,
1657,,QORFO,TM,66.8823535609708,100,0,1556657,0,RB,0.25,133.764707121942,160,HKG,2,267.529414243883,350
2190,,QUENCHER 4*5LTR,PCS,484.75,540,0,1557190,0,CTN,4,1939,2050,,,,
255,,QUNEEX LIQUID BLEACH 500ML,PCS,95,100,0,10000317,0,CTN,24,2280,2600,,,,
830,,QUNEEX LIQUID BLEACH 950ML,EA,140,160,0,1555830,0,CTN,18,2520,3000,,,,
2607,,"""QUUMIST WATER 500ML",PCS,0,0,0,1557607,0,,,,,,,,
2608,,"""QUUMIST WATER 5LT",PCS,0,0,0,1557608,0,,,,,,,,
1739,,RA SUNFLOWER,PCS,925,1100,0,1556739,0,CTN,4,3700,3900,,,,
1662,,RAHA BAR SOAP,PCS,54.1666666666667,80,0,1556662,0,CTN,12,650,700,,,,
1419,,RAHA COCOA DRINK 200GMS,PCS,150.5,200,0,1556419,0,CTN,24,3612,3700,,,,
1422,,RAHA DRINKING CHOCOLATE 10G,PCS,1.4472833333333335,1.8333333333333333,0,1556422,0,DOZ,30,43.4185,55,CTN,12,521.022,600
2682,,RAHA DRINKN CHOC12*400G,PCS,265,320,0,1557682,0,CTN,12,3180,3230,,,,
1832,,RAID INSECT KILLER,PCS,150,250,0,1556832,0,,,,,,,,
2307,,RAINBOW COMMODITIES LTD,KG,98.3333333333333,110,0,1557307,0,BAL,12,1180,1250,,,,
621,,RANEE RICE 5KG,PCS,866,950,0,10000365,0,CTN,5,4330,4450,,,,
2186,,RAUCH 355ML,PCS,80,81.66666666666667,0,1557186,0,CTN,30,2400,2450,CTN,20,48000,49000
622,,RAZAC LOTION,PCS,250,300,0,10000719,0,CTN,12,3000,3150,,,,
2118,,RAZZ CAKE *12,PCS,8,9,0,1557118,0,OUT,30,240,270,CTN,12,2880,3000
2221,,RED BULL CTN,PCS,100,103.33333333333333,0,1557221,0,CTN,30,3000,3100,CTN,20,60000,62000
1207,,RENZO CHICKEN,PCS,133.33333333333334,143.33333333333334,0,1556207,0,CTN,30,4000,4300,CTN,20,80000,86000
1208,,RENZO CHICKEN,PCS,166,200,0,1556208,0,,,,,,,,
623,,REVELON LOTION,PCS,370,400,0,10000339,0,CTN,24,8880,9000,,,,
1871,,REXONA DEODARANT,PCS,166.666666666667,200,0,1556871,0,CTN,12,2000,2500,,,,
1600,,RHINO BIG,PCS,32.3794346966562,33.2,0,1556600,0,OUT,10,323.794346966562,340,CTN,10,3237.94346966562,3320
1599,,RHINO SMALL,PCS,24.5,30,0,1556599,0,OUT,10,245,270,CTN,10,2450,2520
624,,RHODES MIXED VEGETABLE 410 GR,PCS,93.5,150,0,10001105,16,CTN,12,1122,1200,,,,
957,,RIANNA MAKAROONI,PCS,60,70,0,1555957,0,KG,2,120,130,CTN,10,1200,1300
2302,,RIANNA RICE 25KG,KG,108,125,0,1557302,0,BAG,25,2700,2850,,,,
837,,RIANNA SPAGETTI,PCS,47.5,65,0,1555837,0,KG,2,95,130,CTN,10,950,1200
1849,,RIBENA 12* 600ML,PCS,288.604615277778,350,0,1556849,0,CTN,12,3463.25538333334,3600,,,,
2626,,RIBENA 12*300,PCS,173.083333333333,220,0,1557626,0,CTN,12,2077,2200,,,,
2650,,RICCO MACORONI,PCS,57.5,65,0,1557650,0,KG,2,115,125,CTN,10,1150,1300
2651,,RICCO SP500G,PCS,47,60,0,1557651,0,KG,2,94,100,CTN,10,940,1000
2513,,RICO MIXED FRUIT JAM,PCS,250,300,0,1557513,0,CTN,12,3000,3300,,,,
627,,RIDAN SPAGHETI,PCS,47.5,50,0,10000125,16,KG,2,95,100,CTN,10,950,1000
1369,,RINA 10LTR,PCS,1985,2030,0,1556369,0,,,,,,,,
1376,,RINA 20 LTR,PCS,2772,2830,0,1556376,0,,,,,,,,
1371,,RINA 3LTR,PCS,485.833333333333,530,0,1556371,0,CTN,6,2915,3000,,,,
1370,,RINA 5 LTR,PCS,787.5,850,0,1556370,0,CTN,4,3150,3300,,,,
822,,RINA OIL  12*1LTR,PCS,177.24,220,0,1555822,0,CTN,12,2126.88,2400,,,,
820,,RINA OIL 500ML,PCS,103.322582215495,130,0,1555820,0,CTN,12,1239.87098658594,1350,,,,
2724,,RINGOZ,EA,410,430,0,1557724,0,,,,,,,,
2401,,RINO SPAGHETTI,PCS,25,50,0,1557401,0,KG,2,50,100,CTN,10,500,1050
2173,,RINSUN S/FLOWER 4*5LTR,PCS,958.5,1100,0,1557173,0,CTN,4,3834,3980,,,,
2174,,RINSUN S/LOWER 6*3LTR,PCS,620.333333333333,700,0,1557174,0,CTN,6,3722,3900,,,,
2425,,RIZA BASMATI 12*2KG,KG,359.166666666667,400,0,1557425,0,BAL,12,4310,4400,,,,
2424,,RIZA BASMATI 1KG,KG,175.416666666667,200,0,1557424,0,BAL,24,4210.00000000001,4350,,,,
2618,,ROKMANS BUTTER CANDY 12PKT,PCS,69.1666666666667,75,0,1557618,0,CTN,12,830,930,,,,
2028,,ROLON NIVEA,PCS,185,250,0,1557028,0,CTN,30,5550,6900,,,,
2487,,ROSA LINDA SP,EA,50,100,0,1557487,0,CTN,20,1000,1100,,,,
1424,,"ROSA SP,G 20* 500G",PCS,47.5,51.5,0,1556424,0,KG,2,95,100,CTN,10,950,1000
1765,,ROSE SOAP,PCS,70,100,0,1556765,0,,,,,,,,
1979,,ROUBIIR LOTION,PCS,170,200,0,1556979,0,,,,,,,,
2588,,ROYAL MAIZE 1KG,PCS,45.8333333333333,65,0,1557588,0,BAL,24,1100,1150,,,,
1926,,ROYCO CUPE 24*4G,PCS,2.86111111111111,3,0,1556926,0,OUT,30,85.8333333333333,90,CTN,24,2060,2130
2208,,ROYCO MCHUZI MIX 12*500G,PCS,235.75,280,0,1557208,0,CTN,12,2829,2920,,,,
641,,ROYCO MCHUZI MIX 24* 200G,PCS,117.458333333333,150,0,10000591,0,CTN,24,2819,2900,,,,
1593,,ROYCO SATCHET 10G,PCS,1.71967213114754,2,0,1556593,0,DOZ,30,51.5901639344262,60,CTN,10,515.901639344262,550
776,,ROYS  CAKE*4*36,PCS,800.337801111111,850,0,10000866,0,CTN,4,3201.35120444444,3450,,,,
2104,,ROZALINDA MAKAROONI,PCS,50,60,0,1557104,0,KG,2,100,120,CTN,10,1000,1150
646,,RS OIL  20* 175 ML,PCS,190,220,0,10000351,0,CTN,20,3800,4000,,,,
647,,RS OIL 12 500ML,PCS,430,460,0,10000353,0,CTN,12,5160,5250,,,,
1572,,RS OIL 12* 1LTR,PCS,698.955223880597,750,0,1556572,0,CTN,12,8387.46268656716,8450,,,,
648,,RUBEE LOTION,PCS,300,350,0,10000765,0,CTN,12,3600,3800,,,,
1908,,RUGBY OVAL,PCS,9.555555555555568,11,0,1556908,0,OUT,30,286.666666666667,330,CTN,15,4300,4400
649,,S.M.A 450G (2),PCS,1050,1200,0,10000697,0,CTN,6,6300,6500,,,,
650,,S.M.A 900G,PCS,1850,2100,0,10000696,0,CTN,6,11100,11300,,,,
1438,,S26 NO 1,PCS,1301.66666666667,1400,0,1556438,0,CTN,24,31240,31450,,,,
1268,,S26MILK NO 2,PCS,1300,1400,0,1556268,0,CTN,12,15600,13000,,,,
2038,,SABAAH OATS 12*1KG,PCS,208.333333333333,250,0,1557038,0,CTN,12,2500,2600,,,,
2274,,SABUN 48,PCS,75.474019088017,100,0,1557274,0,CTN,40,3018.96076352068,3600,,,,
2170,,SAFFY OLIVE 12*1LTR,PCS,441.666666666667,500,0,1557170,0,CTN,12,5300,5400,,,,
2172,,SAFFY OLIVE 24*250ML,PCS,166.666666666667,220,0,1557172,0,CTN,24,4000.00000000001,4100,,,,
2171,,SAFFY OLIVE 24*500ML,PCS,250,350,0,1557171,0,CTN,24,6000,6100,,,,
2479,,SAFI HAND WASH 300ML,PCS,80,100,0,1557479,0,CTN,24,1920,2050,,,,
2523,,Safi Hand Wash 500ML,EA,129.162,180,0,1557523,16,,,,,,,,
2478,,SAFI HAND WASH 600ML,PCS,110,150,0,1557478,0,CTN,12,1320,1450,,,,
2522,,Safi Multi Cleaner 500ML,EA,168.75,200,0,1557522,0,,,,,,,,
653,,SAHAL RICE,KG,116,130,0,10000890,0,BAG,25,2900,3000,,,,
2250,,SAHHA MILK 400g,PCS,750,800,0,1557250,0,CTN,12,9000,9100,,,,
2376,,SAHLA 20 *500G,KG,27.5,110,0,1557376,0,PCS,1,27.5,110,CTN,20,550,750
1949,,SALAMA  HONEY 80*30G,PCS,21.666666666666668,23.333333333333332,0,1556949,0,OUT,30,650,700,CTN,2,1300,3300
654,,SALAMA OATS 9*1KG,PCS,215.555555555556,250,0,10000923,0,CTN,9,1940,2020,,,,
2743,,SALAMA SANITIZER 250ML,EA,150,200,0,1557743,0,,,,,,,,
2744,,SALAMA SANITIZER 500ML,EA,250,300,0,1557744,0,,,,,,,,
2745,,SALAMA SANITIZER 65ML,EA,60,100,0,1557745,0,,,,,,,,
1862,,SALIT 10LTR,PCS,61.666666666666664,63.333333333333336,0,1556862,0,JRC,30,1850,1900,CTN,20,37000,38000
2032,,SALIT 12*500ML,PCS,87.5,110,0,1557032,0,CTN,12,1050,1200,,,,
1048,,"""SALIT 20 LTR",PCS,0,0,0,1556048,0,,,,,,,,
1991,,SALIT 2LTR,PCS,325,360,0,1556991,0,CTN,6,1950,2050,,,,
1443,,SALIT 3 LTR,PCS,395.833325,450,0,1556443,0,CTN,6,2374.99995,2500,,,,
1772,,SALIT 5LTR,PCS,657.678578125,700,0,1556772,0,CTN,4,2630.7143125,2650,,,,
2755,,SALMA COCONUT OIL,PCS,390,430,0,1557755,0,DOZ,12,4680,4750,,,,
2335,,SALSA 500G,KG,35,65,0,1557335,0,PCS,1,35,45,CTN,20,700,750
2219,,SALWA  10KG PKT,PCS,830,850,0,1557219,0,,,,,,,,
2217,,SALWA  20LTR,PCS,69,71.66666666666667,0,1557217,0,JRC,30,2070,2150,CTN,20,41400,43000
2218,,SALWA  4*5LTR,PCS,595,650,0,1557218,0,CTN,4,2380,2500,,,,
2220,,SALWA 10KGCTN,PCS,25,27,0,1557220,0,CTN,30,750,810,CTN,20,15000,16200
2160,,SAM RICE,KG,102,120,0,1557160,0,BAG,25,2550,2700,,,,
665,,SAMAD RICE,KG,110,140,0,10001083,16,BAG,25,2750,2800,,,,
1975,,SAMAR TREATMENT SMALL,PCS,100,120,0,1556975,0,,,,,,,,
676,,SAMLI 10KG,PCS,1060,1150,0,10000949,0,,,,,,,,
1262,,SANTA LUCIA,PCS,67.5,75,0,1556262,0,KG,2,135,150,CTN,10,1350,1400
2541,,SANTA MARIA APPLE VINGAR 500ML,EA,250.75,300,0,1557541,0,,,,,,,,
1261,,SANTA ROSA,PCS,50,60,0,1556261,0,KG,2,100,120,CTN,10,1000,1100
668,,SAREEN 20* 1KG,PCS,87.0243902439024,100,0,10000935,0,CTN,20,1740.48780487805,1800,,,,
2301,,SAVANA MAKRONI,PCS,52,65,0,1557301,0,KG,2,52,130,CTN,10,1040,1300
1940,,SAVANA SPAGETTI,PCS,50,60,0,1556940,0,KG,2,100,120,CTN,10,1000,1200
669,,SAVANNAH SOAP 125G,pcs,40,50,0,10000318,0,,,,,,,,
670,,SAVORY 2.5KG COCKTAIL,PCS,550,600,0,10000776,0,CTN,6,3300,3600,,,,
671,,SAVORY 2.5KG GUAVA,PCS,550,600,0,10000777,0,CTN,6,3300,3500,,,,
672,,SAVORY 2.5KG MANGO,PCS,550,600,0,10000192,16,CTN,6,3300,3400,,,,
674,,SAVORY 900G,PCS,220,270,0,10000193,16,cTN,15,3300,3400,,,,
675,,SAWA RICE,KG,112,140,0,10000618,0,BAG,25,2800,2900,,,,
1814,,SEAGUL FAT 10KG,PCS,25,27.333333333333332,0,1556814,0,CTN,30,750,820,CTN,20,15000,16400
2103,,SEAGULL 10KG BKT,EA,790,820,0,1557103,0,,,,,,,,
1561,,SECUREX SOAP 100G,PCS,41.6666666666667,70,0,1556561,0,OUT,6,250,250,,,,
1563,,SECUREX SOAP 200G,PCS,62.5,100,0,1556563,0,OUT,4,250,250,,,,
2486,,SEMBE UGALI,EA,25,85,0,1557486,0,BAG,20,500,1700,,,,
1712,,SEMOLINA SOOJI WHITE 1KG,PCS,110,150,0,1556712,0,BAG,20,2200,2300,,,,
2295,,SENSUAL SHAMPOO 1000ML,PCS,250,300,0,1557295,0,CTN,12,3000,3500,,,,
1606,,SHAKIIRA 10LTR,PCS,40.666666666666664,42.666666666666664,0,1556606,0,JRC,30,1220,1280,CTN,20,24400,25600
1912,,SHAKIIRA 20LTR,PCS,79,80,0,1556912,0,JRC,30,2370,2400,CTN,20,47400,48000
2286,,SHAMPO *828ML,PCS,410,480,0,1557286,0,CTN,24,9840,5900,,,,
2350,,shampoo,PCS,180,220,0,1557350,0,CTN,12,2160,3500,,,,
1462,,SHAMPOO 24*1380ML,PCS,202.440937238658,300,0,1556462,0,CTN,24,4858.58249372779,5600,,,,
1410,,SHAMPOO 4*5 LTR,PCS,180,250,0,1556410,0,CTN,4,720,950,,,,
2077,,SHAMPOO 48*600ML,PCS,120,150,0,1557077,0,CTN,48,5760,6000,,,,
204,,SHAMPOO S/S,PCS,85,150,0,10000990,0,CTN,36,3060,3300,,,,
2436,,SHAMS TOMATO PEST,PCS,57.5,80,0,1557436,0,CTN,24,1380,1450,,,,
682,,SHARTCART SCRUB CREAM,PCS,220,350,0,10001103,0,CTN,24,5280,5400,,,,
683,,SHEESH RICE,KG,108,140,0,10000893,0,BAG,25,2700,2800,,,,
684,,SHOPING,PCS,166.66666666666666,200,0,10000981,0,CTN,30,5000,6000,CTN,20,100000,120000
2636,,SHOWERGER  SALOON 500ML;,PCS,160,200,0,1557636,0,CTN,12,1920,2000,,,,
685,,SHUKULAATO SMALL,PCS,60,70,0,10000595,16,CTN,24,1440,1500,,,,
686,,SHUMAC,PCS,46.6666666666667,60,0,10000612,0,CTN,12,560,600,,,,
2285,,sifa serviette,PCS,47.2222222222222,55,0,1557285,0,CTN,18,850,900,,,,
2381,,SILVER 10KG,PCS,21.666666666666668,25,0,1557381,0,BAG,30,650,750,CTN,20,13000,15000
2330,,SILVER OMO,PCS,25.333333333333332,28.333333333333332,0,1557330,0,BAG,30,760,850,CTN,20,15200,17000
2713,,SIMAH UGALI 2KG,PCS,75,90,0,1557713,0,BAL,12,900,970,,,,
2583,,SIXERS CHOCO,PCS,550,580,0,1557583,0,CTN,12,6600,6700,,,,
1567,,SKIN FRESH SCRUB,PCS,160,230,0,1556567,0,CTN,24,3840,4000,,,,
2412,,SKY PISHORI 25KG,KG,130,150,0,1557412,0,BAG,25,3250,3350,,,,
2188,,SLEEPERS/DACAS,PCS,2.9444444338624334,4,0,1557188,0,OUT,30,88.333333015873,120,DOZ,12,1059.99999619048,1150
1337,,SMA MILK 800G 1,PCS,61.111111111111,65,0,1556337,0,OUT,30,1833.33333333333,1950,CTN,6,11000,10200
1338,,"""SMA MILK 800G 2",PCS,0,0,0,1556338,0,PCS,1,0,0,,,,
1492,,SMA MILK NO 3,PCS,1616.66666666667,1750,0,1556492,0,CTN,6,9700,9900,,,,
693,,SMILE 2.5G,PCS,500,600,0,10000195,0,,,,,,,,
2005,,SNOOKER BALLGUM,PCS,3.9722222222222334,5,0,1557005,0,OUT,30,119.166666666667,150,CTN,12,1430,1500
1636,,SODA 500ML,PCS,41.166666666666664,42,0,1556636,0,CTN,30,1235,1260,CTN,20,24700,25200
2141,,SODA SPRITE 12*350ML,PCS,11.333333333333334,11.666666666666666,0,1557141,0,CTN,30,340,350,CTN,20,6800,7000
1539,,SOFT CARE L,PCS,536.666666666667,580,0,1556539,0,BAL,6,3220,3350,,,,
1540,,SOFT CARE M,PCS,550,580,0,1556540,0,BAL,6,3300,3350,,,,
1541,,SOFT CARE S,PCS,536.666666666667,580,0,1556541,0,BAL,6,3220,3350,,,,
2037,,SOFT CARE XL,PCS,536.666666666667,580,0,1557037,0,BAL,6,3220,3350,,,,
1962,,SOKO UGALI 12*2KG,PCS,99.1666666666667,110,0,1556962,0,BAG,12,1190,1250,,,,
2494,,SOKO UGALI 1KG,PCS,59.5833333333333,65,0,1557494,0,BAL,24,1430,1490,,,,
2065,,SOKO UNGANO 12*2KG,PCS,114,130,0,1557065,0,BAL,12,1368,1420,,,,
2018,,SONAPLAST*50PACKETS,PCS,2.9,3.3333333333333335,0,1557018,0,OUT,30,87,100,CTN,50,4350,4500
2736,,SONIL ENEGIY,EA,250,300,0,1557736,0,,,,,,,,
1950,,SORETO CAKE 6*24,PCS,13.388888888888902,14.666666666666666,0,1556950,0,OUT,30,401.666666666667,440,CTN,6,2410,2700
1679,,SOSSI 4*12 90G,PCS,9.416666666666666,10,0,1556679,0,DOZ,30,282.5,300,CTN,4,1130,1200
1680,,SOSSI 6*12 45G,PCS,6.277777777777767,6.666666666666667,0,1556680,0,DOZ,30,188.333333333333,200,CTN,6,1130,1200
2097,,SPANISH POMACEOILIVE OIL 12*1LTR,PCS,499,600,0,1557097,0,CTN,12,5988,7300,,,,
2580,,"""SPARKLE130G TOOTHPASTE",PCS,0,0,0,1557580,0,PCS,1,0,0,,,,
1407,,STA SOFT 24* 750ML,PCS,150,180,0,1556407,0,CTN,24,3600,4000,,,,
698,,STA SOFT 24*400ML,PCS,95.8333325757576,150,0,10000306,0,CTN,24,2299.99998181818,2600,,,,
1260,,STA SOFT 4* 5 LITER,PCS,700,750,0,1556260,0,CTN,4,2800,3000,,,,
697,,STA SOFT 9* 2L,PCS,311.111111111111,400,0,10000307,0,CTN,9,2800,3600,,,,
975,,STALA OIL 20LIT,PCS,72.66666666666667,74.33333333333333,0,1555975,16,JRC,30,2180,2230,CTN,20,43600,44600
1906,,STAR CUP OFFER,PCS,10,11.666666666666666,0,1556906,0,OUT,30,300,350,CTN,12,3600,3700
2635,,STAR FAMILY DISTRIBUTORS LTD,PCS,160,200,0,1557635,0,CTN,12,1920,2000,,,,
2182,,STATWRAP FOIL 30CM*30M,PCS,11.166666666666666,12.666666666666666,0,1557182,0,OUT,30,335,380,CTN,12,4020,4150
2183,,STATWRAP FOIL 45CM*5M,PCS,3,4,0,1557183,0,OUT,30,90,120,CTN,24,2160,2250
700,,STEELEX,PCS,54.1658322580645,85,0,10000656,0,CTN,12,649.989987096774,800,,,,
922,,STEELWOOL 75GM,PCS,80,100,0,1555922,0,BAL,20,1600,1700,,,,
923,,STEELWOOL SOKOONI 20* 15GMS,PCS,3.3461861456989337,4,0,1555923,0,OUT,30,100.385584370968,120,BAL,20,2007.71168741936,2250
2114,,STRAWBERRY SYRUP AG,PCS,9.133333333333333,11,0,1557114,0,OUT,30,274,330,CTN,20,5480,6600
2203,,STREPSILS *24OUT,PCS,27.5,30,0,1557203,0,OUT,30,825,900,CTN,24,19800,20000
2663,,STRO CELEBRATION,PCS,40,60,0,1557663,0,BAL,24,960,1150,,,,
1728,,STYLE SOFT 4* 2L,PCS,270,350,0,1556728,0,CTN,4,1080,1200,,,,
2560,,SUGAR 50 KG,KG,90.6436611653225,100,0,1557560,0,BAG,50,4532.18305826613,4690,,,,
1461,,SUKAANYA MAKAROONI,PCS,52.5,70,0,1556461,0,KG,2,105,130,CTN,10,1050,1150
2644,,SUKANYA 10LT,PCS,1900,2000,0,1557644,0,CTN,2,3800,3900,,,,
2168,,SUKANYA 4*5LTR,PCS,975,1050,0,1557168,0,CTN,4,3900,4000,,,,
2169,,SUKANYA 6*3LTR,PCS,616.666666666667,680,0,1557169,0,CTN,6,3700,3800,,,,
1306,,"SUKANYA SP,G 20*500G",PCS,50.0097640779685,65,0,1556306,0,KG,2,100.019528155937,130,CTN,10,1000.19528155937,1150
1978,,SUMAR LOTION,PCS,180,200,0,1556978,0,,,,,,,,
959,,SUMO CANDLE,PCS,1.5277818174746933,2,0,1555959,0,OUT,30,45.8334545242408,60,CTN,12,550.00145429089,600
2391,,SUN TOP,PCS,11.9878787878788,15,0,1557391,0,CTN,30,359.636363636364,450,CTN,20,7192.72727272728,9000
2506,,SUNAR 3LIT,EA,750,800,0,1557506,0,CTN,6,4500,4700,,,,
2403,,SUNAR SUNFLOWER 5 L,PCS,1225,1290,0,1557403,0,CTN,4,4900,5000,,,,
2063,,SUNDUS RICE 25KG,KG,104,115,0,1557063,0,BAG,25,2600,2700,,,,
1554,,SUNLIGHT  500G,PCS,112.5,150,0,1556554,0,CTN,24,2700,2800,,,,
2552,,SUNLIGHT  CONDIONER 2L,PCS,450,550,0,1557552,0,CTN,12,5400,5600,,,,
1553,,SUNLIGHT 12* 40G,PCS,3.194444444843393,3.3333333333333335,0,1556553,0,DOZ,30,95.8333333453018,100,CTN,12,1150.00000014362,1200
1816,,SUNLIGHT 12*900G,PCS,108.333333333333,150,0,1556816,0,CTN,12,1300,1500,,,,
1555,,SUNLIGHT 1KG,PCS,194.6207,250,0,1556555,0,CTN,12,2335.4484,2650,,,,
2362,,SUNLIGHT 2KG,PCS,391.666666666667,433.333333333333,0,1557362,0,CTN,6,2350,2600,,,,
1556,,SUNLIGHT 700G,PCS,100,106.666666666667,0,1556556,0,CTN,12,1200,1280,,,,
1665,,SUNLIGHT BOWDER 3.5KG,PCS,750,850,0,1556665,0,BAG,4,3000,3000,,,,
2613,,SUNLIGHT DISH WASH 750ML,PCS,150,230,0,1557613,0,CTN,12,1800,1900,,,,
1503,,SUNLIGHT SOAP 175GM,PCS,35.4166666666667,45,0,1556503,0,DOZ,12,425,440,CTN,4,1700,1750
1897,,SUNLIGHT SOAP 48*50G,PCS,13.75,20,0,1556897,0,DOZ,12,165,200,CTN,4,660,700
2205,,SUNRICE 12*2KG,PCS,386.666666666667,430,0,1557205,0,BAG,12,4640,4800,,,,
2207,,SUNRICE 24*1KG,KG,195.8333,250,0,1557207,0,BAG,24,4699.9992,4800,,,,
2206,,SUNRICE 5*5KG,PCS,1032,1050,0,1557206,0,BAG,5,5160,5220,,,,
2687,,SUNSHINE 10LIT,PCS,56.666666666666664,58.333333333333336,0,1557687,0,JRC,30,1700,1750,CTN,20,34000,35000
2462,,SUNSHINE 20TR,EA,3350,3400,0,1557462,0,,,,,,,,
2342,,SUPA SOFT SERVIET,PCS,44.4444444444444,55,0,1557342,0,CTN,18,800,850,,,,
2430,,SUPER BRAYT,EA,1040,1080,0,1557430,0,PCS,1,1040,190,,,,
2086,,SUPER CLEAN 2*5KG,PCS,21.666666666666668,23.333333333333332,0,1557086,0,OUT,30,650,700,BAG,2,1300,1450
711,,SUPER COPTER,PCS,266.666666666667,350,0,10001070,0,CTN,6,1600,1700,,,,
1354,,SUPER FINE PENCILS,EA,60,70,0,1556354,0,DOZ,12,720,960,,,,
2163,,SUPER FRESH MILK2.5KG,PCS,1200,1300,0,1557163,0,CTN,6,7200,7300,,,,
2283,,SUPER FRESH TOMATO 4*50G,PCS,7.9625,9,0,1557283,0,OUT,30,238.875,270,CTN,4,955.5,1050
2016,,SUPER GLUE,PCS,4.6957928802589,6.666666666666667,0,1557016,0,OUT,30,140.873786407767,200,CTN,100,14087.3786407767,17500
2055,,SUPER JUICE 10*1KG,PCS,290,330,0,1557055,0,CTN,10,2900,3000,,,,
2057,,SUPER JUICE 24*24*9G,PCS,7.5,8.333333333333334,0,1557057,0,OUT,30,225,250,CTN,24,5400,3400
2056,,SUPER JUICE 6*25.KG,PCS,616.666666666667,650,0,1557056,0,CTN,6,3700,3900,,,,
2315,,SUPER JUICE10* 30G,PCS,225,260,0,1557315,0,CTN,10,2250,2300,,,,
2615,,SUPER SOFT,PCS,26,26.666666666666668,0,1557615,0,BAL,30,780,800,PCS,18,14040,70
1836,,SUPER STAR 16*50PCS,PCS,3.6041666666666665,4.333333333333333,0,1556836,0,OUT,30,108.125,130,CTN,16,1730,1800
2212,,SUPERFRESH  TOMATO 24*400G,PCS,57.0833333333333,70,0,1557212,0,CTN,24,1370,1450,,,,
2660,,SUPERFRESH OATS 1KG,PCS,183.333333333333,191.666666666667,0,1557660,0,CTN,12,2200,2300,,,,
2029,,SUPERFRESH WIPES 24*80,PCS,100,150,0,1557029,0,CTN,24,2400,2500,,,,
2290,,SUPREME 12*2KG,PCS,103.333333333333,110,0,1557290,0,BAG,12,1240,1270,,,,
2289,,SUPREME 24* 1 KG,PCS,52.5,58.3333333333333,0,1557289,0,BAG,24,1260,1300,,,,
2563,,SUPREME SERVIETTE,PCS,66.6666666666667,70,0,1557563,0,CTN,12,800,900,,,,
2519,,"""SURGICAL SPIRIT",PCS,0,0,0,1557519,0,,,,,,,,
2113,,SWEAT CHILLY VGG,PCS,10,11,0,1557113,0,OUT,30,300,330,CTN,20,6000,6600
1737,,"""SWEAT WATER 300ML",PCS,0,0,0,1556737,0,,,,,,,,
2696,,SWISS ROLL CAKE,PCS,7.777777777777767,9,0,1557696,0,OUT,30,233.333333333333,270,CTN,12,2800,2900
2110,,TABITO BLEACH 5LTR,PCS,150,250,0,1557110,0,CTN,4,600,900,,,,
2211,,TABITO CLOUR 4*5LTR,PCS,250,300,0,1557211,0,CTN,4,1000,1100,,,,
1749,,TABITO OMO 3.5KG,EA,550,650,0,1556749,0,,,,,,,,
1276,,TAFFY NO 2,PCS,902.352941176471,930,0,1556276,0,BAL,5,4511.76470588235,4650,,,,
1277,,"""TAFFY NO 3",PCS,0,0,0,1556277,0,PCS,1,0,0,,,,
1274,,TAFFY NO 4,PCS,902,930,0,1556274,0,BAL,5,4510,4650,,,,
1275,,TAFFY NO 5,PCS,902,930,0,1556275,0,BAL,5,4510,4650,,,,
1688,,TAJI JUMBO TOILET,PCS,62.4916784188034,100,0,1556688,0,CTN,12,749.900141025641,800,,,,
1687,,TAJI TISHU TOILET,PCS,5,6.666666666666667,0,1556687,0,OUT,30,150,200,BAL,4,600,650
2667,,TAK LINGUINI 500G*20,PCS,52,60,0,1557667,0,KG,2,104,120,CTN,10,1040,1150
2441,,TAK MAKARONI,PCS,57.5,61,0,1557441,0,KG,2,115,130,CTN,10,1150,1250
2142,,"TAK SP,G 20* 500G",PCS,52.5,60,0,1557142,0,KG,2,105,120,CTN,10,1050,1150
863,,TAMAAM CHICKEN,PCS,154.166667521368,180,0,1555863,0,CTN,24,3700.00002051283,4200,,,,
865,,TAMAAM OMO 3.5GRM,EA,500,600,0,1555865,0,BAG,4,2000,2200,,,,
866,,TAMAAM OMO 5KG,EA,600,700,0,1555866,0,BAG,2,1200,1300,,,,
1750,,TAMAAM SOAP 800G,PCS,92,100,0,1556750,0,CTN,25,2300,2600,,,,
1751,,TAMAM SOAP 100G,PCS,6.944444444444433,8.333333333333334,0,1556751,0,OUT,30,208.333333333333,250,CTN,12,2500,2700
2046,,TAMAM VEGETABLE 15*500G,PCS,210,250,0,1557046,0,CTN,15,3150,3500,,,,
1640,,TAMBI 12* 1KG,KG,210.714,250,0,1556640,0,CTN,12,2528.568,2650,,,,
1639,,TAMBI 24* 500G,PCS,107.764,150,0,1556639,0,CTN,24,2586.336,2650,,,,
2267,,TAMTAM* 50G,EA,212.5,250,0,1557267,0,CTN,4,850,950,,,,
2374,,TAMTAN TOMATO 24*400G,PCS,58.3333333333333,80,0,1557374,0,CTN,24,1400,1550,,,,
1894,,TAMU JUICE 300ML,PCS,12,13.333333333333334,0,1556894,0,CTN,30,360,400,CTN,20,7200,8000
1893,,TAMU JUICE 500ML,PCS,17.666666666666668,18.333333333333332,0,1556893,0,CTN,30,530,550,CTN,20,10600,11000
721,,TAMU RICE,KG,116,120,0,10000797,0,BAG,25,2900,3000,,,,
2012,,TAMU TEA LEAVE 20*500G,PCS,117.5,150,0,1557012,0,CTN,20,2350,2500,,,,
2013,,TAMU TEA LEAVE 40*250G,PCS,58.75,80,0,1557013,0,CTN,40,2350,2500,,,,
2052,,TANGAWIZI,TM,33.75,70,0,1557052,0,RB,0.25,67.5,100,HKG,2,135,200
1621,,TANGAWIZI BOWDER,TM,37.5,50,0,1556621,0,RB,0.25,75,100,HKG,2,150,200
1050,,"""TANZA SPAGHTI",PCS,0,0,0,1556050,0,PCS,1,0,0,PCS,1,0,0
726,,TARAQ,PCS,19.5,30,0,10000382,16,CTN,10,195,220,CTN,10,1950,2100
2697,,TAW TAW SOFT BISCUIT,PCS,7.777777777777767,9,0,1557697,0,OUT,30,233.333333333333,270,CTN,12,2800,2900
2539,,TAYSTY HONEY 300G,PCS,240,270,0,1557539,0,CTN,12,2880,5620,,,,
2538,,TAYSTY HONEY 500G,PCS,345.083333333333,430,0,1557538,0,CTN,12,4141,4250,,,,
2537,,TAYSTY PEANUT BUTTER 400G,PCS,185,230,0,1557537,0,CTN,12,2220,2330,,,,
2536,,TAYSTY PEANUT BUTTER 800G,PCS,350,400,0,1557536,0,CTN,12,4200,4300,,,,
2068,,"""TCR SANITARY PADS",PCS,0,0,0,1557068,0,PCS,1,0,0,,,,
1884,,TEA MASALA 50G,PCS,59.74,100,0,1556884,0,DOZ,12,716.88,1200,,,,
1255,,TENA RICE,KG,104,120,0,1556255,0,BAG,25,2600,2650,,,,
1847,,TEND 10KG,HKG,68.6148796944905,150,0,1556847,0,KG,1,137.229759388981,158,CTN,10,1372.29759388981,1580
953,,TEST,EA,1,1,0,1555953,0,,,,,,,,
911,,TEST ITEM,EA,1,1,0,1555911,0,,,,,,,,
2224,,TETEMA UGALI 12*2KG,PCS,110.8333,120,0,1557224,0,BAL,12,1329.9996,1350,,,,
1903,,TIAMO *12,PCS,11.111111111111098,12,0,1556903,0,OUT,30,333.333333333333,360,CTN,12,4000,4100
729,,TIFFANY 2.5KG COCKTAIL,PCS,616.666666666667,700,0,10000758,0,CTN,6,3700,3800,,,,
730,,TIFFANY 2.5KG MANGO,PCS,616.666666666667,700,0,10000189,16,CTN,6,3700,3800,,,,
732,,TIFFANY 2.5KG PINEAPPLE,PCS,616.666666666667,700,0,10000759,0,CTN,6,3700,3800,,,,
733,,TIFFANY 900G COCKTAIL,PCS,246.666666666667,300,0,10000760,0,CTN,15,3700,3800,,,,
734,,TIFFANY 900G MANGO,PCS,246.666666666667,300,0,10000190,16,CTN,15,3700,3800,,,,
736,,TIFFANY 900G PINEAPPLE,PCS,246.666666666667,300,0,10000762,0,CTN,15,3700,3800,,,,
737,,TIFFANY TOFFEE,PCS,130,150,0,10001046,0,CTN,24,3120,3200,,,,
2693,,TIGER RICE25KG,KG,108,120,0,1557693,0,BAG,25,2700,2800,,,,
2102,,TILY 10KG BKT,EA,1040,1100,0,1557102,0,,,,,,,,
1011,,TILY 10KG CTN,EA,1310,1620,0,1556011,0,,,,,,,,
2303,,TILY 5KG,EA,405,500,0,1557303,0,,,,,,,,
2070,,TING TING 12*50PCS,PCS,5.333333333333333,6,0,1557070,0,OUT,30,160,180,CTN,12,1920,1980
1721,,TOILET BALL BIG/SMALL 200G,PCS,95.415,150,0,1556721,0,CTN,12,1144.98,1200,,,,
1472,,TOILET BRUSH,PCS,115,150,0,1556472,0,CTN,12,1380,1300,,,,
1498,,TOILEX TISSU,PCS,6.666666666666667,7.666666666666667,0,1556498,0,OUT,30,200,230,BAL,4,800,850
740,,TOLEIT PAPER,PCS,8,10,0,10000607,16,DOZ,30,240,300,CTN,3,800,1000
1305,,TOM CANDY,PCS,5.666666666666667,6.666666666666667,0,1556305,0,OUT,30,170,200,CTN,20,3400,4400
2705,,TOMATO FARAGELLO 800G,PCS,129.166666666667,180,0,1557705,0,CTN,12,1550,1650,,,,
1545,,TOMATO FARAGELO 400G,PCS,64.5833333333333,80,0,1556545,0,CTN,24,1550,1600,,,,
1997,,TOMATO KETCHUP 340G,PCS,81,100,0,1556997,0,,,,,,,,
2652,,TOMATOPEST MUDUSH 50G,PCS,187.5,230,0,1557652,0,CTN,4,750,800,,,,
1618,,TOMT FIRST SACHET,PCS,13.333333333333334,15,0,1556618,0,CTN,30,400,450,CTN,20,8000,9000
1718,,TOMTO FARAJELO 4*3KG,PCS,450,500,0,1556718,0,CTN,4,1800,1900,,,,
1878,,TOMTTO PETTI 400G,PCS,60.4425464790476,80,0,1556878,0,CTN,24,1450.62111549714,1700,,,,
1879,,TOMTTO PETTI 70G,PCS,46.666666666666664,53.333333333333336,0,1556879,0,CTN,30,1400,1600,CTN,20,28000,32000
756,,TOON ( GARLIC ),TM,18.75,50,0,10000725,0,RB,0.25,37.5,100,HKG,2,75,150
1404,,TOOTH BICK,PCS,3.3333333333333335,4,0,1556404,0,DOZ,30,100,120,CTN,40,4000,3900
2045,,TOOTH BRUSH,PCS,7.333333333333333,8.333333333333334,0,1557045,0,OUT,30,220,250,CTN,12,2640,2900
2240,,TOOTH BRUSH 12,PCS,13.166666666666666,15,0,1557240,0,DOZ,30,395,450,CTN,20,7900,9000
2081,,TOP CHIPS *48PCS,PCS,12,12.666666666666666,0,1557081,0,BAG,30,360,380,CTN,20,7200,7600
2067,,TOP CHIPS*24pcs,PCS,6,6.333333333333333,0,1557067,0,BAG,30,180,190,CTN,20,3600,3800
2387,,TOP FRT 4*5LIT,PCS,650,750,0,1557387,0,CTN,4,2600,2750,,,,
1681,,TOP FRY 20LIT,PCS,109.33333333333333,111,0,1556681,0,JRC,30,3280,3330,CTN,20,65600,66600
1890,,TOP TEN VEGETABLE 100G,PCS,46.6666677083333,70,0,1556890,0,CTN,60,2800.0000625,2900,,,,
1891,,TOP TEN VEGETABLE 250G,PCS,114.583333333333,130,0,1556891,0,CTN,24,2750,2850,,,,
989,,TOPEX BLEACH 144*70ML,PCS,4.519444444444433,5,0,1555989,0,DOZ,30,135.583333333333,150,CTN,12,1627,1800
1633,,TOSS 12* 500G,PCS,141.666666666667,170,0,1556633,0,CTN,12,1700,1750,,,,
752,,TOSS 3.5 WHITE,PCS,880,900,0,10000624,0,,,,,,,,
1116,,TOSS BLUE 3.5,PCS,29.333333333333332,30,0,1115,0,BAG,30,880,900,CTN,20,17600,18000
1815,,TOSS BLUE 6*1KG,PCS,262.5,280,0,1556815,0,CTN,6,1575,1575,,,,
1946,,TOSS BLUE&WHITE 36*100G,PCS,13.488887719298232,15,0,1556946,0,DOZ,30,404.666631578947,450,CTN,3,1213.99989473684,1300
1813,,TOSS WHITE 6*1KG,PCS,262.5,280,0,1556813,0,CTN,6,1575,1575,,,,
1812,,TOSSE BLUE 48*25G SATCHET,PCS,2.25625,2.6666666666666665,0,1556812,0,DOZ,30,67.6875,80,CTN,4,270.75,320
1811,,TOSSE BLUE&WHITE 24*200G,PCS,56.1666666666667,100,0,1556811,0,CTN,24,1348,1500,,,,
2349,,TOTO CARE,PCS,650,750,0,1557349,0,BAL,6,3900,4500,,,,
2305,,TRANSMARA 1KG,PCS,96,112.5,0,1557305,0,BAL,20,1920,2100,,,,
2304,,TRANSMARA SUG 2KG,PCS,196,230,0,1557304,0,BAL,10,1960,2150,,,,
755,,TREAMENT,PCS,202.285705714286,250,0,10000931,0,CTN,24,4854.85693714286,5000,,,,
2031,,TRESEMME CONDITIONER,PCS,440,550,0,1557031,0,,,,,,,,
2549,,TRESENE SHAMPOO,PCS,431.704545454545,500,0,1557549,0,CTN,6,2590.22727272727,2670,,,,
1709,,TROPICAL HEAT BLACK PEPPER 100G,PCS,224.991666666667,280,0,1556709,0,DOZ,12,2699.9,2600,,,,
1708,,TROPICAL HEAT CUMIN 100G,PCS,151.2,200,0,1556708,0,DOZ,12,1814.4,1650,,,,
1707,,TROPICAL HEAT TUMERIC,PCS,102.6,150,0,1556707,0,DOZ,12,1231.2,1300,,,,
1613,,TROPICAL KSL 12* 1KG,PCS,7.933333333333334,8.333333333333334,0,1556613,0,OUT,30,238,250,CTN,12,2856,2930
1614,,TROPICAL KSL 12* 500G,PCS,4.166666666666667,4.5,0,1556614,0,OUT,30,125,135,CTN,12,1500,1550
1610,,TROPICANA 24*2.5G,PCS,371.166667424242,450,0,1556610,0,CTN,24,8908.00001818182,9500,,,,
2120,,TRUFFLE*6,PCS,23.6,26,0,1557120,0,OUT,30,708,780,CTN,6,4248,4400
2084,,TULIP TISHU,PCS,4.583333333333333,5,0,1557084,0,OUT,30,137.5,150,BAL,4,550,600
1885,,TUMERIC 50G,PCS,45.775,100,0,1556885,0,DOZ,12,549.3,1200,,,,
2130,,TUMERIC Z/ZIBA 100G,PCS,100,150,0,1557130,0,DOZ,12,1200,1300,,,,
2752,,TWIGA UGALI 1KG,KG,41.25,50,0,1557752,0,BAL,24,990,1050,,,,
2666,,TWIST CHOCO BISCUIT,EA,320,350,0,1557666,0,CTN,6,1920,2000,,,,
1463,,UFUTA 3LTR,PCS,472,550,0,1556463,0,CTN,6,2832,2950,,,,
1464,,UFUTA 5 LTR,PCS,775,850,0,1556464,0,CTN,4,3100,3200,,,,
457,,UGALI 210 12* 2KG,KG,121.666666632928,130,0,10000431,0,CTN,12,1459.99999959514,1480,,,,
2048,,UGALI 210 24*1KG,KG,55.4166666666667,55,0,1557048,0,BAL,24,1330,1430,,,,
1859,,ULKER TAMRI BUISCIT 12*44G,PCS,6.75,8.333333333333334,0,1556859,0,OUT,30,202.5,250,CTN,12,2430,2600
757,,ULTIMA MAKARONI SMALL,KG,11.8,140,0,10000910,0,CTN,100,1180,1250,,,,
2584,,UMOJA NGANO 1KG,PCS,51.25,55,0,1557584,0,BAL,24,1230,1260,,,,
2585,,"""UMOJA NGANO 2KG",PCS,0,0,0,1557585,0,PCS,1,0,0,,,,
758,,UNO OMO 10 KG,PCS,870,950,0,10000707,0,,,,,,,,
760,,UNO OMO 5 KG,PCS,14.166666666666666,16.666666666666668,0,10001107,16,BAG,30,425,500,CTN,20,8500,10000
761,,USHINDI SOAP,EA,5,10,0,10000721,0,,,,,,,,
1937,,USHINDI SOAP 36*175G,PCS,24.1666666666667,30,0,1556937,0,DOZ,12,290,330,CTN,3,870.000000000001,1000
762,,UUNSI,PCS,140.066964285714,180,0,10001069,0,,,,,,,,
1983,,UUNSI ARAB,PCS,160,200,0,1556983,0,,,,,,,,
1762,,UUNSI KASAC,PCS,220,250,0,1556762,0,,,,,,,,
2066,,UUNSI SOMALI,PCS,5.333333333333333,8.333333333333334,0,1557066,0,OUT,30,160,250,CTN,20,3200,5000
1724,,VALON PURE,PCS,120,200,0,1556724,0,CTN,10,1200,1300,,,,
1725,,VALONE PERFUME 250G,PCS,120,180,0,1556725,0,CTN,12,1440,1600,,,,
2712,,VALORE PASTA 500G,PCS,50,60,0,1557712,0,KG,2,100,120,CTN,10,1000,1050
1557,,VASELINE 144*12*25ML,PCS,8,8.666666666666666,0,1556557,0,DOZ,30,240,260,CTN,12,2880,2950
1497,,VASELINE 24*250ML,PCS,208.333333333333,250,0,1556497,0,CTN,24,4999.99999999999,5150,,,,
2458,,VASELINE 50ML,EA,400,450,0,1557458,0,,,,,,,,
2226,,VASELINE 72*6*100G,PCS,79.1666666666667,100,0,1557226,0,DOZ,12,950,1000,CTN,6,5700,5900
1959,,VASELINE FOR MEN,PCS,66,100,0,1556959,0,DOZ,12,792,900,CTN,4,3168,3500
1957,,VASELINE LOTION 400ML,PCS,208,250,0,1556957,0,OUT,6,1248,1400,CTN,8,9984,12000
767,,VATIKA OIL  300ML,PCS,270,300,0,10000320,0,,,,,,,,
1984,,VATIKA OIL 200ML,PCS,160,190,0,1556984,0,,,,,,,,
1837,,VEL VEX SERVIETTES *60pcs,PCS,65.841163373399,80,0,1556837,0,DOZ,12,790.093960480788,850,CTN,5,3950.46980240394,4150
2740,,VELONA CHOCOLATE,PCS,370,390,0,1557740,0,CTN,8,2960,2990,,,,
769,,VEOLA SOAP 125 GR,PCS,55,100,0,10000963,16,CTN,72,3960,4700,,,,
1944,,VERONELI SPAGETTI 500G,PCS,64,70,0,1556944,0,KG,2,128,140,CTN,10,1280,1350
1943,,VERONELLI LINGUNI 500G,PCS,57.5,65,0,1556943,0,KG,2,115,130,CTN,10,1150,1250
1774,,VERONELLI MAKAROONI,PCS,30,70,0,1556774,0,KG,2,60,140,CTN,10,600,1400
2499,,VESTLINE BODY CREAM 200G,PCS,125,170,0,1557499,0,EA,6,750,850,,,,
2570,,"""VGG MAYONAISE 160Z",PCS,0,0,0,1557570,0,PCS,1,0,0,,,,
2571,,"""VGG MAYONNAISE 80Z",PCS,0,0,0,1557571,0,PCS,1,0,0,,,,
2719,,VGG POMANCE OLIVE OIL 1LTR,PCS,650,700,0,1557719,0,CTN,12,7800,7900,,,,
771,,VIKING OIL,PCS,233.333333333333,250,0,10000908,0,CTN,12,2800,2900,,,,
1365,,VIM 1KG,PCS,112.5,130,0,1556365,0,CTN,12,1350,1600,,,,
1366,,VIM 500GRM,PCS,52.0833333333333,70,0,1556366,0,CTN,24,1250,1400,,,,
1941,,VIMTO,PCS,291,350,0,1556941,0,CTN,12,3492,3600,,,,
1478,,VINEGAR 12*300ML,PCS,37.9996676470588,50,0,1556478,0,CTN,12,455.996011764706,550,,,,
1479,,VINEGAR 12*700ML,PCS,73.8341666666667,100,0,1556479,0,CTN,12,886.01,950,,,,
1682,,VINEGAR WHITE 5LTR,PCS,220,250,0,1556682,0,CTN,2,440,500,,,,
2399,,VIP RICE,KG,116,130,0,1557399,0,BAG,25,2900,3000,,,,
2509,,VIRGIN 500ML,EA,229.166666666667,250,0,1557509,0,CTN,24,5500.00000000001,5800,,,,
2507,,VIRGIN OLIVER 1L,EA,400,500,0,1557507,0,CTN,12,4800,5000,,,,
2511,,VIRGIN OLIVER 250ML,EA,145.833333333333,200,0,1557511,0,CTN,24,3499.99999999999,3700,,,,
1947,,VIRGINIA MAYONAISE 12*946ML,PCS,209,250,0,1556947,16,CTN,12,2508,2600,,,,
2243,,VIRGINIA SQUEEY HONEY** 400G*12,PCS,200.1,210,0,1557243,0,CTN,12,2401.2,3600,,,,
1861,,VITA GOLD BUISCIT,PCS,6.866666666666666,8.333333333333334,0,1556861,0,CTN,30,206,250,CTN,20,4120,5000
1732,,VIVIA HANDWHASH,PCS,85,150,0,1556732,0,CTN,12,1020,1200,,,,
2484,,WADI RICE,KG,110,130,0,1557484,0,BAG,25,2750,2850,,,,
1976,,WAKALI SCRUP BIG,PCS,190,250,0,1556976,0,,,,,,,,
1977,,WAKALI SCRUP SMALL,PCS,140,180,0,1556977,0,,,,,,,,
777,,WASHA 3.5KG,PCS,600,750,0,10000770,0,,,,,,,,
1308,,WEETABIX  12*900GRM,PCS,516.666666666667,550,0,1556308,0,CTN,12,6200,6300,,,,
782,,WEETABIX  48*225G,PCS,147.8,160,0,10000230,0,DOZ,12,1773.6,1820,CTN,4,7094.4,7000
1309,,WEETABIX 24* 450GRM,PCS,270,300,0,1556309,0,CTN,24,6480,6600,,,,
1546,,WEETABIX 50*37G,PCS,28.666666666666668,31,0,1556546,0,CTN,30,860,930,CTN,20,17200,18600
2561,,Weetos 8*500g,PCS,408.5,450,0,1557561,0,CTN,8,3268,3320,,,,
1622,,WHITE WASH SOAP,PCS,21.6666666666667,30,0,1556622,0,DOZ,12,260,280,CTN,4,1040,1070
1413,,WHOLE GRAINS PUFFED SNACKS,PCS,2.8,3.3333333333333335,0,1556413,0,DOZ,30,84,100,CTN,4,336,385
1954,,WIILWAAL MAKAROONI,PCS,55,60,0,1556954,0,KG,2,110,120,CTN,10,1100,1200
1953,,"WIILWAAL SP,G 20* 500G",PCS,42.5,50,0,1556953,0,KG,2,85,100,CTN,10,850,900
787,,WILYAN RICE,KG,124,140,0,10000139,0,BAG,25,3100,3200,,,,
2010,,WINDOW CLEANER 24*500ML,PCS,180,220,0,1557010,0,CTN,24,4320,4420,,,,
876,,WIPS NIHAAL,PCS,95.8333342752188,130,0,1555876,0,CTN,24,2300.00002260525,2600,,,,
2680,,WISDOM TOOTHBRUSH.,PCS,9.205015438596499,10,0,1557680,0,DOZ,30,276.150463157895,300,CTN,20,5523.0092631579,6000
2448,,wish chocolate,PCS,7.666666666666667,9.333333333333334,0,1557448,0,OUT,30,230,280,CTN,20,4600,5600
790,,WOODS TRMENT,PCS,200,250,0,10001000,16,CTN,12,2400,2500,,,,
2378,,WOTS CRIPS,PCS,1350,1400,0,1557378,0,PCS,1,1350,35,,,,
1698,,XABAD SOWDA BOWDER,TM,42.5,60,0,1556698,0,RB,0.25,85,100,HKG,2,170,190
792,,XANJO KUUSKUUS,PCS,130,200,0,10000738,0,CTN,24,3120,3500,,,,
794,,YAHOO 250 ML,PCS,25,28.333333333333332,0,10000730,0,CTN,30,750,850,CTN,20,15000,17000
2455,,YEGO GLUCOSE 72*4PC,EA,210,250,0,1557455,0,,,,,,,,
2595,,YEGO SHORTCAKE60*3PCS,EA,189,250,0,1557595,0,,,,,,,,
2457,,YEGOGINGER72.*3,EA,210,250,0,1557457,0,,,,,,,,
2454,,YEGONICE BISC72*3PC,EA,210,250,0,1557454,0,,,,,,,,
2187,,YIPPY 200ML,PCS,23.333333333333332,25,0,1557187,0,CTN,30,700,750,CTN,20,14000,15000
2377,,YOLLA 400*20,PCS,15,20,0,1557377,0,CTN,1,15,20,,,,
1951,,YUMI CAKE 6*24,PCS,12.323232323232332,13.333333333333334,0,1556951,0,OUT,30,369.69696969697,400,CTN,6,2218.18181818182,2500
2215,,YUMIS 15*500G,PCS,230,280,0,1557215,0,CTN,20,4600,3100,,,,
2216,,YUMIS 24*300G,PCS,130,180,0,1557216,0,CTN,24,3120,3300,,,,
2153,,YUSRA MAKARONI,PCS,50,60,0,1557153,0,KG,2,100,120,CTN,10,1000,1200
1548,,"YUSRA SP,G 20*500G",PCS,54.9995292771974,65,0,1556548,0,KG,2,109.999058554395,130,CTN,10,1099.99058554395,1200
1520,,Z/ZIBA CHICKEN MASALA 100G,PCS,79.5169523702381,130,0,1556520,0,DOZ,12,954.203428442857,1000,,,,
1517,,Z/ZIBA CURRY POWDER 100G,PCS,70,150,0,1556517,0,DOZ,12,840,950,,,,
1519,,Z/ZIBA FISH MASALA 100G,PCS,70,150,0,1556519,0,DOZ,12,840,950,,,,
1523,,Z/ZIBA GINGER MASALA 100G,PCS,120,150,0,1556523,0,DOZ,12,1440,1550,,,,
1518,,Z/ZIBAR TEA MASALA 100G,PCS,130,180,0,1556518,0,DOZ,12,1560,1650,,,,
2088,,ZABIB RICE 4*10KG,PCS,1575,1650,0,1557088,0,BAL,4,6300,6500,,,,
797,,ZABIIB,TM,52.5,100,0,10000865,0,RB,0.25,105,150,HKG,2,210,250
2551,,ZAHARA 25KG,KG,112,120,0,1557551,0,BAG,25,2800,2900,,,,
2669,,ZAHRA 10KG,PCS,1250,1300,0,1557669,0,BAL,4,5000,5100,,,,
798,,ZAMZAM MILK 2.5 KG,PCS,1550,1600,0,10000161,0,CTN,6,9300,9400,,,,
799,,ZAMZAM MILK 900 GM,PCS,608.333333333333,750,0,10000841,0,CTN,12,7300,7400,,,,
800,,ZAMZAM OIL 500GR,PCS,200,250,0,10000241,16,CTN,12,2400,2500,,,,
2753,,ZANZIBA CHILLIES MASALA100G,PCS,100,150,0,1557753,0,DOZ,12,1200,1540,,,,
2546,,ZANZIBA MIXED SPICE,PCS,130,170,0,1557546,0,DOZ,12,1560,1620,,,,
2643,,ZANZIBA PILAU MASALA 100GR,PCS,140,180,0,1557643,0,DOZ,12,1680,1750,,,,
2336,,ZANZIBAR GARLIC POWDER,PCS,120,170,0,1557336,0,DOZ,12,1440,1550,,,,
801,,ZE OIL 500ML,PCS,230,250,0,10000237,0,CTN,12,2760,2850,,,,
802,,ZEBRA RICE,KG,100,104,0,10000916,0,BAG,25,2500,2600,,,,
1722,,ZEEN COCONUT OIL300ML,PCS,200,250,0,1556722,0,CTN,18,3600,3800,,,,
1723,,ZEEN COCONUT OIL500ML,PCS,300,350,0,1556723,0,CTN,12,3600,3800,,,,
1856,,ZEIN FRY 3LTR,PCS,456.666666666667,500,0,1556856,0,CTN,6,2740,2850,,,,
803,,ZEINA MAKARONI,KG,95,120,0,10000985,16,CTN,20,950,1100,,,,
2460,,ZENTA 12*800G,PCS,58.3333333333333,70,0,1557460,0,CTN,12,700,750,,,,
2022,,ZENTA 48*200G,PCS,21.6666666666667,25,0,1557022,0,DOZ,12,260,280,CTN,4,1040,1080
2312,,ZENTA 700G,PCS,21.666666666666668,25,0,1557312,0,CTN,30,650,750,CTN,20,13000,15000
1667,,ZENTA BAR SOAP 1KG,PCS,100,110,0,1556667,0,CTN,10,1000,1150,,,,
2601,,ZENTA OMO 1KG,PCS,241.666666666667,260,0,1557601,0,CTN,12,2900,2950,,,,
2738,,ZENTA POWDER 500G*24,PCS,120,150,0,1557738,0,CTN,24,2880,2980,,,,
1480,,ZESTA 12* 300GM,PCS,95.175,110,0,1556480,0,CTN,12,1142.1,1200,,,,
319,,ZESTA CUSTARD 12* 250G,PCS,68,80,0,10000937,0,CTN,12,816,900,,,,
1759,,ZESTA CUSTARD 12*500G,PCS,100,170,0,1556759,0,CTN,12,1200,1250,,,,
1476,,ZESTA JAM 12* 500 GM,PCS,151.333333333333,170,0,1556476,0,CTN,12,1816,1880,,,,
1477,,ZESTA JAM 12*1 KG,PCS,285.833333333333,320,0,1556477,0,CTN,12,3430,3500,,,,
2121,,ZESTA JAM 12*100G,PCS,11.189933333333332,11.666666666666666,0,1557121,0,OUT,30,335.698,350,CTN,20,6713.96,6900
2122,,ZESTA JAM 12*200G,PCS,17.60983333333333,18.333333333333332,0,1557122,0,OUT,30,528.295,550,CTN,12,6339.54,6500
2209,,ZESTA PEANUT BUTTER,PCS,151.125,230,0,1557209,0,CTN,12,1813.5,1900,,,,